SET session_replication_role = replica;

--
-- PostgreSQL database dump
--

-- Dumped from database version 15.8
-- Dumped by pg_dump version 15.8

SET statement_timeout = 0;
SET lock_timeout = 0;
SET idle_in_transaction_session_timeout = 0;
SET client_encoding = 'UTF8';
SET standard_conforming_strings = on;
SELECT pg_catalog.set_config('search_path', '', false);
SET check_function_bodies = false;
SET xmloption = content;
SET client_min_messages = warning;
SET row_security = off;

--
-- Data for Name: flock_batches; Type: TABLE DATA; Schema: public; Owner: postgres
--

INSERT INTO "public"."flock_batches" ("id", "user_id", "batch_name", "breed", "acquisition_date", "initial_count", "current_count", "type", "age_at_acquisition", "expected_laying_start_date", "actual_laying_start_date", "source", "notes", "is_active", "created_at", "updated_at", "hens_count", "roosters_count", "chicks_count", "cost", "brooding_count") VALUES
	('da9023c8-c8a9-4483-ae19-d4c8779dccda', '5a44b458-a8f0-4366-8256-4c1bac9ccd29', 'Initial Flock', 'Leghorn', '2025-08-29', 6, 6, 'mixed', 'adult', NULL, NULL, 'Farm', 'Initial batch created during onboarding', true, '2025-08-29 18:25:32.429828+00', '2025-08-29 18:25:32.429828+00', 5, 1, 0, 0.00, 0),
	('ac95b315-ade5-4b0e-a50b-ec33ca630ade', '50baaf75-e955-40a7-b86d-05080e7aa4b1', 'Prve Koke', 'Italijanke', '2024-08-04', 9, 8, 'mixed', 'chick', '2024-12-15', '2025-01-17', 'Pijaca', '', true, '2025-08-04 21:18:54.840226+00', '2025-09-11 17:09:53.635713+00', 7, 1, 0, 15.00, 1),
	('27c4229b-c54c-472c-8368-1cdad2bccbe5', '50baaf75-e955-40a7-b86d-05080e7aa4b1', 'Prvi Leghron', 'Leghorn', '2025-08-19', 10, 10, 'hens', 'adult', NULL, '2025-09-21', 'Barič', '', true, '2025-08-20 19:06:00.145289+00', '2025-08-20 19:06:00.145289+00', 10, 0, 0, 110.00, 0),
	('5875935d-7fca-4b23-a826-efdc00aee187', '50baaf75-e955-40a7-b86d-05080e7aa4b1', 'Drugi pilići', 'Italijanke', '2025-09-04', 10, 5, 'chicks', 'chick', NULL, '2025-11-02', 'Domaći', '', true, '2025-09-04 19:15:54.365487+00', '2025-10-21 16:03:02.342145+00', 0, 0, 5, 0.00, 0),
	('f325474e-e2fb-453f-a6f0-83fd4ec7fbd3', '50baaf75-e955-40a7-b86d-05080e7aa4b1', 'Prvi Pilići', 'Italijanke', '2025-04-24', 12, 4, 'mixed', 'chick', '2025-09-04', '2025-11-01', 'Domaći', '', true, '2025-08-04 21:19:56.932292+00', '2025-11-15 08:52:17.62+00', 3, 1, 0, 0.00, 0);


--
-- Data for Name: batch_events; Type: TABLE DATA; Schema: public; Owner: postgres
--

INSERT INTO "public"."batch_events" ("id", "user_id", "batch_id", "date", "type", "description", "affected_count", "notes", "created_at") VALUES
	('b0f4600f-22f7-4a35-b340-6b3f41bfc90d', '50baaf75-e955-40a7-b86d-05080e7aa4b1', 'ac95b315-ade5-4b0e-a50b-ec33ca630ade', '2025-08-14', 'brooding_start', 'Went broody', 1, '11 eggs', '2025-08-24 08:05:17.698659+00'),
	('ae3e257b-e7bb-463c-a364-4f5d36f08145', '50baaf75-e955-40a7-b86d-05080e7aa4b1', 'ac95b315-ade5-4b0e-a50b-ec33ca630ade', '2024-08-04', 'flock_added', 'Welcome to the Coop!', 9, 'Initial batch creation: 9 mixed acquired', '2025-08-27 17:16:30.705277+00'),
	('62e70dfd-8dc5-430d-b019-f143c614ec22', '50baaf75-e955-40a7-b86d-05080e7aa4b1', 'f325474e-e2fb-453f-a6f0-83fd4ec7fbd3', '2025-04-24', 'flock_added', 'Welcome to the Coop!', 12, 'Initial batch creation: 12 mixed acquired', '2025-08-27 17:16:30.705277+00'),
	('80c454c0-8a21-4156-9e9b-e7569fe427be', '50baaf75-e955-40a7-b86d-05080e7aa4b1', '27c4229b-c54c-472c-8368-1cdad2bccbe5', '2025-08-19', 'flock_added', 'Welcome to the Coop!', 10, 'Initial batch creation: 10 hens acquired', '2025-08-27 17:16:30.705277+00'),
	('9609bd7f-9f93-456f-8efa-e6e34bf6da68', '50baaf75-e955-40a7-b86d-05080e7aa4b1', 'f325474e-e2fb-453f-a6f0-83fd4ec7fbd3', '2025-06-04', 'flock_loss', 'Gone but not forgotten', 6, '6 bird(s) lost due to predator: Ker ih podavio', '2025-08-27 17:23:55.100774+00'),
	('75a3b45c-a97d-4bd7-8571-2d9bdc02c99a', '5a44b458-a8f0-4366-8256-4c1bac9ccd29', 'da9023c8-c8a9-4483-ae19-d4c8779dccda', '2025-08-29', 'flock_added', 'Welcome to the Coop!', 6, 'Initial batch creation: 6 mixed acquired from Farm', '2025-08-29 18:25:32.600967+00'),
	('c30c6537-8d7a-4ecb-bcdf-da7653c5b8f2', '50baaf75-e955-40a7-b86d-05080e7aa4b1', 'ac95b315-ade5-4b0e-a50b-ec33ca630ade', '2025-09-04', 'chickens_hatched', 'New chickies', 10, NULL, '2025-09-04 19:04:55.034974+00'),
	('57c10df9-ea2c-401a-a01e-56ca19cfeeab', '50baaf75-e955-40a7-b86d-05080e7aa4b1', 'ac95b315-ade5-4b0e-a50b-ec33ca630ade', '2025-09-01', 'brooding_start', 'Broody without eggs', NULL, NULL, '2025-09-04 19:12:27.596053+00'),
	('d3433191-f635-482a-a6af-1fc3cef6f5d1', '50baaf75-e955-40a7-b86d-05080e7aa4b1', '5875935d-7fca-4b23-a826-efdc00aee187', '2025-09-04', 'flock_added', 'Welcome to the Coop!', 10, 'Initial batch creation: 10 chicks acquired from Domaći', '2025-09-04 19:15:54.548796+00'),
	('2abcefa0-df44-42cf-8ab4-1f617865cb8a', '50baaf75-e955-40a7-b86d-05080e7aa4b1', '5875935d-7fca-4b23-a826-efdc00aee187', '2025-09-08', 'flock_loss', 'Gone but not forgotten', 4, '4 bird(s) lost due to predator: Dog', '2025-09-11 17:07:57.62018+00'),
	('09b7e764-c160-428d-87aa-0e23acea67a3', '50baaf75-e955-40a7-b86d-05080e7aa4b1', 'ac95b315-ade5-4b0e-a50b-ec33ca630ade', '2025-09-09', 'flock_loss', 'Gone but not forgotten', 1, '1 bird(s) lost due to predator: Mother hen gone 😢', '2025-09-11 17:09:53.97588+00'),
	('afb35471-8186-430d-86c7-d59816e4df1c', '50baaf75-e955-40a7-b86d-05080e7aa4b1', 'ac95b315-ade5-4b0e-a50b-ec33ca630ade', '2025-09-09', 'brooding_stop', 'Hen Killed', 1, NULL, '2025-09-11 17:10:34.822539+00'),
	('5175dab1-0f09-44f3-ad84-46e870707c06', '50baaf75-e955-40a7-b86d-05080e7aa4b1', '27c4229b-c54c-472c-8368-1cdad2bccbe5', '2025-09-21', 'laying_start', 'Started laying', NULL, 'Not all of them yet', '2025-09-21 08:28:43.018201+00'),
	('8be25b70-3601-457e-b030-660572e7839a', '50baaf75-e955-40a7-b86d-05080e7aa4b1', '5875935d-7fca-4b23-a826-efdc00aee187', '2025-10-21', 'flock_loss', 'Gone but not forgotten', 1, '1 bird(s) lost due to disease: Rooster died', '2025-10-21 16:03:02.4963+00'),
	('51c5f6fb-d712-4c76-ac52-84dee078f135', '50baaf75-e955-40a7-b86d-05080e7aa4b1', '5875935d-7fca-4b23-a826-efdc00aee187', '2025-11-02', 'laying_start', 'Started laying', NULL, NULL, '2025-11-15 07:50:11.429988+00'),
	('72ad4c5f-86b5-4eaf-a058-50c2d4e9d065', '50baaf75-e955-40a7-b86d-05080e7aa4b1', 'f325474e-e2fb-453f-a6f0-83fd4ec7fbd3', '2025-11-01', 'laying_start', 'Počele da nose', NULL, NULL, '2025-11-15 08:52:02.48169+00');


--
-- Data for Name: customers; Type: TABLE DATA; Schema: public; Owner: postgres
--

INSERT INTO "public"."customers" ("id", "user_id", "name", "phone", "notes", "created_at", "is_active") VALUES
	('fa85e119-4175-4214-b923-a593342f2a36', '50baaf75-e955-40a7-b86d-05080e7aa4b1', 'Zvonko', NULL, NULL, '2025-07-15 19:48:48.831587+00', true),
	('9dff8f42-0188-4d2b-bcca-1e014b60187b', '50baaf75-e955-40a7-b86d-05080e7aa4b1', 'Nikola', NULL, NULL, '2025-07-15 19:50:56.330976+00', true),
	('f5ae26fe-011f-47c6-a844-1b699cd3fba8', '50baaf75-e955-40a7-b86d-05080e7aa4b1', 'Komšije', NULL, 'Iz auto škole', '2025-08-24 12:13:04.428557+00', true),
	('c7835bdd-7b61-4f54-b6e8-d8a7e3505baf', '50baaf75-e955-40a7-b86d-05080e7aa4b1', 'Test', NULL, NULL, '2025-10-11 16:57:35.634981+00', true),
	('897b80ad-ea31-4036-a3d4-66bab1a173bc', '50baaf75-e955-40a7-b86d-05080e7aa4b1', 'Tester', NULL, NULL, '2025-10-11 16:59:09.928733+00', true),
	('02b3741b-1432-496c-8d1a-eda4c11804ab', '50baaf75-e955-40a7-b86d-05080e7aa4b1', 'Popravka', NULL, NULL, '2025-10-11 17:01:23.562856+00', true);


--
-- Data for Name: death_records; Type: TABLE DATA; Schema: public; Owner: postgres
--

INSERT INTO "public"."death_records" ("id", "user_id", "batch_id", "date", "count", "cause", "description", "notes", "created_at", "bird_type") VALUES
	('a2c6ff90-d9e3-4488-8eb4-832b11d3f106', '50baaf75-e955-40a7-b86d-05080e7aa4b1', 'f325474e-e2fb-453f-a6f0-83fd4ec7fbd3', '2025-06-04', 6, 'predator', 'Ker ih podavio', '', '2025-08-04 21:20:29.453473+00', NULL),
	('619352e4-5070-4eb6-95c2-8fdf727d4d68', '50baaf75-e955-40a7-b86d-05080e7aa4b1', '5875935d-7fca-4b23-a826-efdc00aee187', '2025-09-08', 4, 'predator', 'Dog', '', '2025-09-11 17:07:57.295669+00', NULL),
	('a7f9dbd1-96eb-4666-b9e7-bd3019264e05', '50baaf75-e955-40a7-b86d-05080e7aa4b1', 'ac95b315-ade5-4b0e-a50b-ec33ca630ade', '2025-09-09', 1, 'predator', 'Mother hen gone 😢', '', '2025-09-11 17:09:53.635713+00', NULL),
	('929b7eff-858e-4c38-a7ec-564f60e6e4e8', '50baaf75-e955-40a7-b86d-05080e7aa4b1', '5875935d-7fca-4b23-a826-efdc00aee187', '2025-10-21', 1, 'disease', 'Rooster died', '', '2025-10-21 16:03:02.342145+00', NULL);


--
-- Data for Name: egg_entries; Type: TABLE DATA; Schema: public; Owner: postgres
--

INSERT INTO "public"."egg_entries" ("id", "date", "count", "created_at", "user_id", "size", "color", "notes") VALUES
	('1db0a207-6c42-497c-be7b-b35c1ba06757', '2025-08-06', 12, '2025-08-07 17:24:37.238877+00', '50baaf75-e955-40a7-b86d-05080e7aa4b1', NULL, NULL, NULL),
	('f5c89b94-8521-43ab-b17f-3cacb6b62762', '2025-08-04', 6, '2025-08-04 19:25:11.625536+00', '50baaf75-e955-40a7-b86d-05080e7aa4b1', NULL, NULL, NULL),
	('e29f0477-811a-4322-adf0-6d6cf7534117', '2025-08-03', 6, '2025-08-03 17:00:25.221452+00', '50baaf75-e955-40a7-b86d-05080e7aa4b1', NULL, NULL, NULL),
	('59c62d37-f9d9-448d-9e30-5eec27574b1e', '2025-08-02', 5, '2025-08-04 19:25:35.695856+00', '50baaf75-e955-40a7-b86d-05080e7aa4b1', NULL, NULL, NULL),
	('124345e3-1252-4057-aad8-e6e6c1886051', '2025-08-01', 4, '2025-08-01 18:37:47.50377+00', '50baaf75-e955-40a7-b86d-05080e7aa4b1', NULL, NULL, NULL),
	('4d4a76b1-225d-4089-b6a2-3688670d6d53', '2025-07-31', 4, '2025-08-01 07:17:42.629761+00', '50baaf75-e955-40a7-b86d-05080e7aa4b1', NULL, NULL, NULL),
	('06306d0e-41a8-428e-b9e1-2d938abf94a4', '2025-07-30', 6, '2025-07-30 12:15:22.779846+00', '50baaf75-e955-40a7-b86d-05080e7aa4b1', NULL, NULL, NULL),
	('ba280103-7ab0-40c8-9bec-6d3532c01739', '2025-07-29', 4, '2025-07-29 13:09:29.474172+00', '50baaf75-e955-40a7-b86d-05080e7aa4b1', NULL, NULL, NULL),
	('2db4ef8c-b06f-4fa4-9702-b7ba05c81c07', '2025-07-28', 6, '2025-07-28 15:22:39.777227+00', '50baaf75-e955-40a7-b86d-05080e7aa4b1', NULL, NULL, NULL),
	('73ca33aa-7eab-4f98-91aa-aa5e07911a69', '2025-07-27', 8, '2025-07-27 16:32:31.126461+00', '50baaf75-e955-40a7-b86d-05080e7aa4b1', NULL, NULL, NULL),
	('b23f6fa1-35e6-477f-bb62-cbffdc261584', '2025-07-24', 4, '2025-07-24 15:37:04.026307+00', '50baaf75-e955-40a7-b86d-05080e7aa4b1', NULL, NULL, NULL),
	('75ef0be6-66a2-47ea-8247-ad27ed323a1b', '2025-07-23', 2, '2025-07-23 19:24:12.588283+00', '50baaf75-e955-40a7-b86d-05080e7aa4b1', NULL, NULL, NULL),
	('d61f14c9-c4b3-4d7e-b99a-853e80af7ebc', '2025-07-22', 7, '2025-07-22 19:45:27.420973+00', '50baaf75-e955-40a7-b86d-05080e7aa4b1', NULL, NULL, NULL),
	('391beb62-9e1a-414b-a615-2de379a6d6f7', '2025-07-21', 5, '2025-07-21 09:13:48.054957+00', '50baaf75-e955-40a7-b86d-05080e7aa4b1', NULL, NULL, NULL),
	('5273e85e-1c52-414d-a9dc-924f8fde5c0e', '2025-07-20', 4, '2025-07-20 20:01:33.482304+00', '50baaf75-e955-40a7-b86d-05080e7aa4b1', NULL, NULL, NULL),
	('a55e1d55-cfff-4b05-9fdf-673ce272ec37', '2025-07-17', 7, '2025-07-17 20:10:28.616678+00', '50baaf75-e955-40a7-b86d-05080e7aa4b1', NULL, NULL, NULL),
	('b0588cdb-766b-482a-a92c-fe10c72c34b7', '2025-07-15', 7, '2025-07-15 20:27:21.995456+00', '50baaf75-e955-40a7-b86d-05080e7aa4b1', NULL, NULL, NULL),
	('2fe1c784-602e-4449-8a69-46d8d9480b76', '2025-07-12', 9, '2025-07-12 17:30:25.545605+00', '50baaf75-e955-40a7-b86d-05080e7aa4b1', NULL, NULL, NULL),
	('1f349015-4105-40aa-a23f-d05975ca0fdb', '2025-07-09', 2, '2025-07-12 11:27:57.277912+00', '50baaf75-e955-40a7-b86d-05080e7aa4b1', NULL, NULL, NULL),
	('314d5621-4ae2-4b5a-a395-2c077ad37d0b', '2025-06-22', 6, '2025-07-05 13:58:45.319158+00', '50baaf75-e955-40a7-b86d-05080e7aa4b1', NULL, NULL, NULL),
	('ac42c383-7e02-403b-9996-1a1984a6cd7b', '2025-06-21', 6, '2025-07-05 13:58:45.319158+00', '50baaf75-e955-40a7-b86d-05080e7aa4b1', NULL, NULL, NULL),
	('30a2eef2-eb0b-4577-a1e9-a972168d36aa', '2025-06-20', 6, '2025-07-05 13:58:45.319158+00', '50baaf75-e955-40a7-b86d-05080e7aa4b1', NULL, NULL, NULL),
	('3cbc9f07-7c44-4cc1-897b-5fff9070de9d', '2025-04-29', 6, '2025-06-06 18:22:35.406839+00', '50baaf75-e955-40a7-b86d-05080e7aa4b1', NULL, NULL, NULL),
	('fbd5d94d-4ff8-422e-8f58-671c82dc4d21', '2025-04-28', 6, '2025-06-06 18:22:35.406839+00', '50baaf75-e955-40a7-b86d-05080e7aa4b1', NULL, NULL, NULL),
	('a2ed08f3-5c43-4f15-b2e9-d59f9c8653f1', '2025-04-27', 5, '2025-06-06 18:22:35.406839+00', '50baaf75-e955-40a7-b86d-05080e7aa4b1', NULL, NULL, NULL),
	('4e95c329-4262-42be-8052-1df4d23c4bf3', '2025-04-10', 7, '2025-06-06 18:22:35.406839+00', '50baaf75-e955-40a7-b86d-05080e7aa4b1', NULL, NULL, NULL),
	('f8e10926-3534-4803-ad78-79d33718440c', '2025-04-09', 7, '2025-06-06 18:22:35.406839+00', '50baaf75-e955-40a7-b86d-05080e7aa4b1', NULL, NULL, NULL),
	('db00140e-b2e6-493d-86da-cb348f35163b', '2025-04-08', 6, '2025-06-06 18:22:35.406839+00', '50baaf75-e955-40a7-b86d-05080e7aa4b1', NULL, NULL, NULL),
	('8ded2bd2-2e24-4058-8740-6b9c61dd6613', '2025-04-07', 7, '2025-06-06 18:22:35.406839+00', '50baaf75-e955-40a7-b86d-05080e7aa4b1', NULL, NULL, NULL),
	('3d552875-c4f9-4ad2-8755-fb22e777dcb3', '2025-04-06', 7, '2025-06-06 18:22:35.406839+00', '50baaf75-e955-40a7-b86d-05080e7aa4b1', NULL, NULL, NULL),
	('a36b7206-f2b3-4c84-9b6d-5f3e439e8c00', '2025-03-22', 6, '2025-06-06 18:22:35.406839+00', '50baaf75-e955-40a7-b86d-05080e7aa4b1', NULL, NULL, NULL),
	('e43dd3c0-a594-4afc-a602-89f7e49fa297', '2025-03-21', 6, '2025-06-06 18:22:35.406839+00', '50baaf75-e955-40a7-b86d-05080e7aa4b1', NULL, NULL, NULL),
	('788d5b2e-d243-41b9-a006-0f10fde252c0', '2025-03-20', 6, '2025-06-06 18:22:35.406839+00', '50baaf75-e955-40a7-b86d-05080e7aa4b1', NULL, NULL, NULL),
	('9db39715-3346-418a-ba81-c31a777a5b2c', '2025-03-19', 6, '2025-06-06 18:22:35.406839+00', '50baaf75-e955-40a7-b86d-05080e7aa4b1', NULL, NULL, NULL),
	('5298ca28-2f1a-48c8-85ef-c834c5eaa121', '2025-03-18', 6, '2025-06-06 18:22:35.406839+00', '50baaf75-e955-40a7-b86d-05080e7aa4b1', NULL, NULL, NULL),
	('057d8e57-1118-47ca-b5e3-a7357c85b81d', '2025-03-17', 6, '2025-06-06 18:22:35.406839+00', '50baaf75-e955-40a7-b86d-05080e7aa4b1', NULL, NULL, NULL),
	('348257eb-790b-4e3e-b2bd-55ea57513426', '2025-03-16', 6, '2025-06-06 18:22:35.406839+00', '50baaf75-e955-40a7-b86d-05080e7aa4b1', NULL, NULL, NULL),
	('e5cfd7ce-3f05-4c86-b524-d1561a1d80ab', '2025-03-15', 6, '2025-06-06 18:22:35.406839+00', '50baaf75-e955-40a7-b86d-05080e7aa4b1', NULL, NULL, NULL),
	('bfc3f31d-3935-4f00-bfe7-b67ba350c798', '2025-03-14', 6, '2025-06-06 18:22:35.406839+00', '50baaf75-e955-40a7-b86d-05080e7aa4b1', NULL, NULL, NULL),
	('25d298a9-9b5e-4339-9f84-bce99210c661', '2025-03-05', 6, '2025-06-06 18:22:35.406839+00', '50baaf75-e955-40a7-b86d-05080e7aa4b1', NULL, NULL, NULL),
	('96d04483-d0f4-4a6a-bb33-45f3c8aab4d1', '2025-08-10', 7, '2025-08-10 11:18:31.945381+00', '50baaf75-e955-40a7-b86d-05080e7aa4b1', NULL, NULL, NULL),
	('f5a222d4-b7d0-436a-92ad-5e761af68143', '2025-08-17', 7, '2025-08-17 10:50:04.081927+00', '50baaf75-e955-40a7-b86d-05080e7aa4b1', NULL, NULL, NULL),
	('27520052-f13e-41fc-b0c6-ea574e6b3efd', '2025-08-11', 3, '2025-08-18 19:07:24.92224+00', '50baaf75-e955-40a7-b86d-05080e7aa4b1', NULL, NULL, NULL),
	('5e61b3a0-e01f-4295-b267-088d7f0f0b69', '2025-08-20', 6, '2025-08-20 18:37:20.238543+00', '50baaf75-e955-40a7-b86d-05080e7aa4b1', NULL, NULL, NULL),
	('1d61e6f3-6f85-47aa-a7e9-c623b0a647d7', '2025-08-26', 5, '2025-08-27 14:43:20.400128+00', '50baaf75-e955-40a7-b86d-05080e7aa4b1', NULL, NULL, NULL),
	('f3de573b-ef72-40b2-a3c1-48cd54cae673', '2025-08-27', 6, '2025-08-27 14:43:31.349832+00', '50baaf75-e955-40a7-b86d-05080e7aa4b1', NULL, NULL, NULL),
	('a8a015eb-af31-47b0-9cf3-a9a1b844f8d9', '2025-09-02', 7, '2025-09-02 15:52:58.424255+00', '50baaf75-e955-40a7-b86d-05080e7aa4b1', NULL, NULL, NULL),
	('953e15fa-6d7b-4df9-b4a9-44ff50b4d862', '2025-09-07', 6, '2025-09-10 18:14:58.816288+00', '50baaf75-e955-40a7-b86d-05080e7aa4b1', NULL, NULL, NULL),
	('aeee77d4-48dc-4d13-805a-690b22b5f147', '2025-09-08', 5, '2025-09-10 18:15:12.702437+00', '50baaf75-e955-40a7-b86d-05080e7aa4b1', NULL, NULL, NULL),
	('a1674c6a-ffa3-4008-ae25-133a31d57266', '2025-09-09', 5, '2025-09-10 18:15:22.440448+00', '50baaf75-e955-40a7-b86d-05080e7aa4b1', NULL, NULL, NULL),
	('fca19574-a0a7-4ec1-804d-73f8ca98a762', '2025-09-10', 6, '2025-09-10 18:15:38.285285+00', '50baaf75-e955-40a7-b86d-05080e7aa4b1', NULL, NULL, NULL),
	('1719885e-5520-4ea2-88c9-345a3eafd77d', '2025-09-16', 3, '2025-09-17 15:14:53.17874+00', '50baaf75-e955-40a7-b86d-05080e7aa4b1', NULL, NULL, NULL),
	('18579770-9aac-4c46-ac8c-94f61b173bcb', '2025-09-23', 6, '2025-09-23 15:21:07.514829+00', '50baaf75-e955-40a7-b86d-05080e7aa4b1', NULL, NULL, NULL),
	('29bbc2e9-14f7-42c8-a04e-5f1051225c3a', '2025-09-26', 3, '2025-09-28 07:04:24.344339+00', '50baaf75-e955-40a7-b86d-05080e7aa4b1', NULL, NULL, 'Uveče'),
	('52a3a5a5-2418-4354-a27e-da87814f64a1', '2025-10-06', 2, '2025-10-08 20:09:16.548568+00', '50baaf75-e955-40a7-b86d-05080e7aa4b1', NULL, NULL, NULL),
	('021f87b0-51be-4bf5-8fb3-0755bd6585b7', '2025-10-12', 4, '2025-10-12 12:46:34.986848+00', '50baaf75-e955-40a7-b86d-05080e7aa4b1', NULL, NULL, NULL),
	('6b606b87-f968-4b02-8ad7-8d3954ec9ddc', '2025-10-18', 5, '2025-10-18 11:10:39.527905+00', '50baaf75-e955-40a7-b86d-05080e7aa4b1', NULL, NULL, 'Ujutru'),
	('c082d1c0-ff1a-411a-886f-0b37057c2c1d', '2025-10-16', 5, '2025-10-18 11:11:06.547076+00', '50baaf75-e955-40a7-b86d-05080e7aa4b1', NULL, NULL, NULL),
	('dc848c0d-467d-4061-b0ae-f2b9101260e1', '2025-10-29', 12, '2025-10-29 19:03:40.678103+00', '50baaf75-e955-40a7-b86d-05080e7aa4b1', NULL, NULL, NULL),
	('dcc3de29-c191-44f7-8730-5b28c8f2eb38', '2025-10-28', 10, '2025-10-29 19:03:48.775896+00', '50baaf75-e955-40a7-b86d-05080e7aa4b1', NULL, NULL, NULL),
	('068748e7-94d5-4eeb-960b-94ff86ae0a6a', '2025-10-27', 9, '2025-10-29 19:04:08.663302+00', '50baaf75-e955-40a7-b86d-05080e7aa4b1', NULL, NULL, NULL),
	('fd45328b-6536-4419-99dd-ce76fb2f32f9', '2025-10-26', 8, '2025-10-29 19:04:19.13277+00', '50baaf75-e955-40a7-b86d-05080e7aa4b1', NULL, NULL, NULL),
	('d45133bf-b0d0-47ec-b1fe-c8d01f2d242f', '2025-10-25', 10, '2025-10-29 19:04:28.544847+00', '50baaf75-e955-40a7-b86d-05080e7aa4b1', NULL, NULL, NULL),
	('dbf44b2c-8b56-40d5-9803-cf8dd62b123b', '2025-10-24', 9, '2025-10-29 19:04:43.447375+00', '50baaf75-e955-40a7-b86d-05080e7aa4b1', NULL, NULL, NULL),
	('2815127b-a00e-4287-bc26-caa3e89ab1c2', '2025-11-04', 9, '2025-11-06 21:45:00.135616+00', '50baaf75-e955-40a7-b86d-05080e7aa4b1', NULL, NULL, NULL),
	('01a5f9f6-e9b5-4eda-b5c6-37ad00754172', '2025-11-14', 11, '2025-11-15 07:36:17.455605+00', '50baaf75-e955-40a7-b86d-05080e7aa4b1', NULL, NULL, NULL),
	('c9f9fa8e-7ddf-4f9d-bea7-1a66c3b11d66', '2025-11-24', 4, '2025-11-24 20:43:25.792095+00', '50baaf75-e955-40a7-b86d-05080e7aa4b1', NULL, NULL, NULL),
	('951ca700-e956-4075-b69b-ff1113d74d43', '2025-07-07', 3, '2025-07-08 19:06:57.272606+00', '50baaf75-e955-40a7-b86d-05080e7aa4b1', NULL, NULL, NULL),
	('8bc9491b-19a4-4166-8e35-e3bb718f9aac', '2025-07-06', 6, '2025-07-06 15:15:32.99699+00', '50baaf75-e955-40a7-b86d-05080e7aa4b1', NULL, NULL, NULL),
	('d519035b-41cf-46e8-b308-265da7920391', '2025-07-05', 6, '2025-07-05 13:58:45.319158+00', '50baaf75-e955-40a7-b86d-05080e7aa4b1', NULL, NULL, NULL),
	('a7a30997-7320-4761-98b1-ef7d481d254c', '2025-07-04', 6, '2025-07-05 13:58:45.319158+00', '50baaf75-e955-40a7-b86d-05080e7aa4b1', NULL, NULL, NULL),
	('af037c94-2163-48a5-b2b9-eb0ef8016e28', '2025-07-03', 6, '2025-07-05 13:58:45.319158+00', '50baaf75-e955-40a7-b86d-05080e7aa4b1', NULL, NULL, NULL),
	('d169defb-8f3f-4579-8129-90f365f05bc9', '2025-07-02', 6, '2025-07-05 13:58:45.319158+00', '50baaf75-e955-40a7-b86d-05080e7aa4b1', NULL, NULL, NULL),
	('97ef35ba-5d0e-4afa-83b0-a00371f946c3', '2025-07-01', 6, '2025-07-05 13:58:45.319158+00', '50baaf75-e955-40a7-b86d-05080e7aa4b1', NULL, NULL, NULL),
	('8caa078c-ac8b-4984-93e1-2e3e4fee91c2', '2025-06-30', 6, '2025-07-05 13:58:45.319158+00', '50baaf75-e955-40a7-b86d-05080e7aa4b1', NULL, NULL, NULL),
	('722815d2-c30a-485b-bb55-a175f515bcbf', '2025-06-29', 6, '2025-07-05 13:58:45.319158+00', '50baaf75-e955-40a7-b86d-05080e7aa4b1', NULL, NULL, NULL),
	('562efd2a-5454-40e2-b874-9812c378c358', '2025-06-28', 6, '2025-07-05 13:58:45.319158+00', '50baaf75-e955-40a7-b86d-05080e7aa4b1', NULL, NULL, NULL),
	('0566992d-978f-44c8-b0ac-d35caba1de3d', '2025-06-27', 6, '2025-07-05 13:58:45.319158+00', '50baaf75-e955-40a7-b86d-05080e7aa4b1', NULL, NULL, NULL),
	('130fdbc7-cc77-4f2f-b83a-991379e1544d', '2025-06-26', 6, '2025-07-05 13:58:45.319158+00', '50baaf75-e955-40a7-b86d-05080e7aa4b1', NULL, NULL, NULL),
	('df37a29b-e82f-4084-b37c-fed5e5cb8c8d', '2025-06-25', 6, '2025-07-05 13:58:45.319158+00', '50baaf75-e955-40a7-b86d-05080e7aa4b1', NULL, NULL, NULL),
	('ca747c56-f0d8-4ba6-aabf-c3adbb6ec2dd', '2025-06-24', 6, '2025-07-05 13:58:45.319158+00', '50baaf75-e955-40a7-b86d-05080e7aa4b1', NULL, NULL, NULL),
	('4f4d9480-1d85-41e9-8fc6-1b37ae078867', '2025-06-23', 6, '2025-07-05 13:58:45.319158+00', '50baaf75-e955-40a7-b86d-05080e7aa4b1', NULL, NULL, NULL),
	('5d10e49d-899c-408c-a734-a8aa5763b7f6', '2025-08-09', 7, '2025-08-10 17:16:22.20136+00', '50baaf75-e955-40a7-b86d-05080e7aa4b1', NULL, NULL, NULL),
	('d8131b3f-d735-40db-8237-8c6ee0dda3c0', '2025-08-21', 5, '2025-08-21 18:44:24.091908+00', '50baaf75-e955-40a7-b86d-05080e7aa4b1', NULL, NULL, NULL),
	('36356da2-18b7-4b97-8a39-b7dbd8c6e931', '2025-08-28', 7, '2025-08-28 12:42:38.12507+00', '50baaf75-e955-40a7-b86d-05080e7aa4b1', NULL, NULL, NULL),
	('534f763e-65b8-4d0e-8267-ec77b1358eaf', '2025-08-24', 7, '2025-08-31 12:10:35.881846+00', '5a44b458-a8f0-4366-8256-4c1bac9ccd29', NULL, NULL, 'Historical data - Backfilled entry'),
	('637ad57d-ad7f-456c-8687-ea6bee7f0d59', '2025-08-26', 7, '2025-08-31 12:10:44.231087+00', '5a44b458-a8f0-4366-8256-4c1bac9ccd29', NULL, NULL, 'Historical data - Backfilled entry'),
	('4c33d5ac-9bc1-4b22-82b7-261477ff25eb', '2025-08-28', 6, '2025-08-31 12:10:52.494487+00', '5a44b458-a8f0-4366-8256-4c1bac9ccd29', NULL, NULL, 'Historical data - Backfilled entry'),
	('893101bc-1f15-4625-b455-1e74860254cf', '2025-08-30', 8, '2025-08-31 12:11:01.976598+00', '5a44b458-a8f0-4366-8256-4c1bac9ccd29', NULL, NULL, 'Historical data - Backfilled entry'),
	('bb948e24-b49d-4254-a7f9-b8a9c80abd87', '2025-09-03', 5, '2025-09-04 08:54:49.330323+00', '50baaf75-e955-40a7-b86d-05080e7aa4b1', NULL, NULL, NULL),
	('7fe5a15d-f131-4555-81fd-f299a95659cf', '2025-09-11', 7, '2025-09-11 16:57:37.631626+00', '50baaf75-e955-40a7-b86d-05080e7aa4b1', NULL, NULL, NULL),
	('26180086-b2c3-43b0-a977-8d38f5a88ece', '2025-09-18', 10, '2025-09-18 12:56:37.314799+00', '50baaf75-e955-40a7-b86d-05080e7aa4b1', NULL, NULL, NULL),
	('4e1bb8a2-19ed-4018-a8d1-27eb47ceaa24', '2025-04-23', 7, '2025-06-06 18:22:35.406839+00', '50baaf75-e955-40a7-b86d-05080e7aa4b1', NULL, NULL, NULL),
	('a6abb646-2834-4ccd-8390-3bef89685efa', '2025-09-24', 8, '2025-09-25 16:32:51.706973+00', '50baaf75-e955-40a7-b86d-05080e7aa4b1', NULL, NULL, NULL),
	('f4bc7f46-1aa5-455c-ab0a-c0af87dc71fd', '2025-10-03', 8, '2025-10-03 14:55:29.484907+00', '50baaf75-e955-40a7-b86d-05080e7aa4b1', NULL, NULL, NULL),
	('44fe06ad-23f9-407d-9154-118bffa2c618', '2025-10-02', 5, '2025-10-03 14:55:50.289045+00', '50baaf75-e955-40a7-b86d-05080e7aa4b1', NULL, NULL, NULL),
	('e568947d-879f-4656-9ef2-c5cb2e508ddd', '2025-10-10', 3, '2025-10-11 15:58:05.65118+00', '50baaf75-e955-40a7-b86d-05080e7aa4b1', NULL, NULL, NULL),
	('e862e4c5-cccc-46a0-9235-f61a793162ec', '2025-10-13', 8, '2025-10-13 12:17:26.341903+00', '50baaf75-e955-40a7-b86d-05080e7aa4b1', NULL, NULL, NULL),
	('a6b30c2d-2b6c-40ca-9a20-da88cd9c4d2a', '2025-10-18', 6, '2025-10-20 07:09:38.467042+00', '50baaf75-e955-40a7-b86d-05080e7aa4b1', NULL, NULL, NULL),
	('c556ab2c-d598-4044-89fc-caa5bd20ac74', '2025-10-19', 8, '2025-10-20 07:09:51.054889+00', '50baaf75-e955-40a7-b86d-05080e7aa4b1', NULL, NULL, NULL),
	('4ffb0ca2-2aee-48ba-a5df-b2118223f3ac', '2025-10-20', 3, '2025-10-20 07:09:57.600027+00', '50baaf75-e955-40a7-b86d-05080e7aa4b1', NULL, NULL, NULL),
	('d891d7a0-9eff-425b-9a69-14713995b20c', '2025-10-30', 10, '2025-10-30 18:07:57.896702+00', '50baaf75-e955-40a7-b86d-05080e7aa4b1', NULL, NULL, NULL),
	('6ca0e2ec-a518-4a9d-a966-299d9a6f921e', '2025-11-06', 9, '2025-11-07 21:30:23.353735+00', '50baaf75-e955-40a7-b86d-05080e7aa4b1', NULL, NULL, NULL),
	('0c4deeb9-7cf2-4f75-93ad-a5f9f62c3da5', '2025-11-07', 10, '2025-11-07 21:30:29.980853+00', '50baaf75-e955-40a7-b86d-05080e7aa4b1', NULL, NULL, NULL),
	('eb1adcac-b424-4191-a3f6-77b82efa86b9', '2025-11-08', 9, '2025-11-15 07:48:30.757498+00', '50baaf75-e955-40a7-b86d-05080e7aa4b1', NULL, NULL, NULL),
	('d7e3d28e-4f51-489c-a7ba-4aa902410a31', '2025-11-09', 9, '2025-11-15 07:48:36.561322+00', '50baaf75-e955-40a7-b86d-05080e7aa4b1', NULL, NULL, NULL),
	('2a8781dd-1c5b-4cd8-aaf7-7ce130e490a0', '2025-11-10', 10, '2025-11-15 07:48:43.883815+00', '50baaf75-e955-40a7-b86d-05080e7aa4b1', NULL, NULL, NULL),
	('3ccd30f2-bbfb-48ee-abf0-28e3767e5429', '2025-11-11', 10, '2025-11-15 07:48:50.295431+00', '50baaf75-e955-40a7-b86d-05080e7aa4b1', NULL, NULL, NULL),
	('c4110116-1807-494c-afdd-692136a5c3d0', '2025-11-12', 10, '2025-11-15 07:48:56.131053+00', '50baaf75-e955-40a7-b86d-05080e7aa4b1', NULL, NULL, NULL),
	('2124f78c-f236-4f9e-85d5-28ad572ee98a', '2025-11-13', 10, '2025-11-15 07:49:04.922483+00', '50baaf75-e955-40a7-b86d-05080e7aa4b1', NULL, NULL, NULL),
	('bf0fa288-d90d-4b20-8dab-8c698062d394', '2025-11-26', 3, '2025-11-26 14:58:57.330736+00', '50baaf75-e955-40a7-b86d-05080e7aa4b1', NULL, NULL, NULL),
	('c55fc44e-5748-487a-8638-51fda97dfb20', '2025-11-25', 3, '2025-11-26 14:59:05.195128+00', '50baaf75-e955-40a7-b86d-05080e7aa4b1', NULL, NULL, NULL),
	('5793d2bb-c10d-4a88-ab87-2a47b6d3ba45', '2025-04-05', 7, '2025-06-06 18:22:35.406839+00', '50baaf75-e955-40a7-b86d-05080e7aa4b1', NULL, NULL, NULL),
	('ebc85a72-922d-417c-9692-afaaf23f45b6', '2025-04-04', 6, '2025-06-06 18:22:35.406839+00', '50baaf75-e955-40a7-b86d-05080e7aa4b1', NULL, NULL, NULL),
	('713741d6-3327-4e7c-8f6c-2894311985d1', '2025-04-03', 6, '2025-06-06 18:22:35.406839+00', '50baaf75-e955-40a7-b86d-05080e7aa4b1', NULL, NULL, NULL),
	('b58b00e7-d58a-409d-bdb1-47300366bef7', '2025-04-02', 7, '2025-06-06 18:22:35.406839+00', '50baaf75-e955-40a7-b86d-05080e7aa4b1', NULL, NULL, NULL),
	('a2d8bcaf-6373-4165-8b38-f011c2b77b7d', '2025-04-01', 7, '2025-06-06 18:22:35.406839+00', '50baaf75-e955-40a7-b86d-05080e7aa4b1', NULL, NULL, NULL),
	('aaa8d5f4-f54d-4040-889f-dbe2f92957e1', '2025-03-30', 7, '2025-06-06 18:22:35.406839+00', '50baaf75-e955-40a7-b86d-05080e7aa4b1', NULL, NULL, NULL),
	('10fe5d64-64b7-49a3-a1b1-5defe54ecc24', '2025-03-29', 6, '2025-06-06 18:22:35.406839+00', '50baaf75-e955-40a7-b86d-05080e7aa4b1', NULL, NULL, NULL),
	('c08910d2-18a5-4626-a1a1-950431307dee', '2025-03-28', 6, '2025-06-06 18:22:35.406839+00', '50baaf75-e955-40a7-b86d-05080e7aa4b1', NULL, NULL, NULL),
	('c4e2623f-606b-4048-accc-4c7d9307bab6', '2025-03-27', 6, '2025-06-06 18:22:35.406839+00', '50baaf75-e955-40a7-b86d-05080e7aa4b1', NULL, NULL, NULL),
	('3ca2d7cd-3110-4d26-af36-82643301e815', '2025-03-26', 6, '2025-06-06 18:22:35.406839+00', '50baaf75-e955-40a7-b86d-05080e7aa4b1', NULL, NULL, NULL),
	('77b1c386-2abd-463f-8038-cc69d8c6d200', '2025-03-25', 6, '2025-06-06 18:22:35.406839+00', '50baaf75-e955-40a7-b86d-05080e7aa4b1', NULL, NULL, NULL),
	('392f8d02-db37-4579-bba1-068c86513cf0', '2025-03-24', 6, '2025-06-06 18:22:35.406839+00', '50baaf75-e955-40a7-b86d-05080e7aa4b1', NULL, NULL, NULL),
	('a8b1fef2-be50-45a6-82e0-68effcbec278', '2025-03-23', 6, '2025-06-06 18:22:35.406839+00', '50baaf75-e955-40a7-b86d-05080e7aa4b1', NULL, NULL, NULL),
	('bc04457b-7cf3-42df-b171-f3c3be5a509b', '2025-03-13', 6, '2025-06-06 18:22:35.406839+00', '50baaf75-e955-40a7-b86d-05080e7aa4b1', NULL, NULL, NULL),
	('51bf43ff-c21e-4e6a-a04c-9072d26db6ad', '2025-03-12', 6, '2025-06-06 18:22:35.406839+00', '50baaf75-e955-40a7-b86d-05080e7aa4b1', NULL, NULL, NULL),
	('bd4c35e7-169e-4f21-ab3c-2cc81c0a58a9', '2025-03-11', 6, '2025-06-06 18:22:35.406839+00', '50baaf75-e955-40a7-b86d-05080e7aa4b1', NULL, NULL, NULL),
	('ebc223d1-3eca-4c8d-9c47-46fc6c74e730', '2025-03-10', 6, '2025-06-06 18:22:35.406839+00', '50baaf75-e955-40a7-b86d-05080e7aa4b1', NULL, NULL, NULL),
	('4c9e45e5-ec17-403f-9506-37c8aef7b0b3', '2025-03-09', 6, '2025-06-06 18:22:35.406839+00', '50baaf75-e955-40a7-b86d-05080e7aa4b1', NULL, NULL, NULL),
	('00737407-496a-4699-aaa5-c997f31d13c9', '2025-03-08', 6, '2025-06-06 18:22:35.406839+00', '50baaf75-e955-40a7-b86d-05080e7aa4b1', NULL, NULL, NULL),
	('8490a565-7475-4c78-8b34-489e733740bc', '2025-03-07', 6, '2025-06-06 18:22:35.406839+00', '50baaf75-e955-40a7-b86d-05080e7aa4b1', NULL, NULL, NULL),
	('4914792a-9def-45ff-87a8-b1e766e770fc', '2025-03-06', 6, '2025-06-06 18:22:35.406839+00', '50baaf75-e955-40a7-b86d-05080e7aa4b1', NULL, NULL, NULL),
	('c4e6b36b-e2b4-497f-92a4-60efb65bb2df', '2025-03-03', 6, '2025-06-06 18:22:35.406839+00', '50baaf75-e955-40a7-b86d-05080e7aa4b1', NULL, NULL, NULL),
	('36bc0265-27ba-4d5e-b92f-fee20ef5abbd', '2025-03-02', 6, '2025-06-06 18:22:35.406839+00', '50baaf75-e955-40a7-b86d-05080e7aa4b1', NULL, NULL, NULL),
	('a9dd0c5c-5680-440e-bca0-a14d724be90b', '2025-03-01', 6, '2025-06-06 18:22:35.406839+00', '50baaf75-e955-40a7-b86d-05080e7aa4b1', NULL, NULL, NULL),
	('dafeaf9b-056d-46da-9272-b99947124365', '2025-07-10', 5, '2025-07-12 11:28:05.132092+00', '50baaf75-e955-40a7-b86d-05080e7aa4b1', NULL, NULL, NULL),
	('e91686ce-105c-4696-9e1c-fc720251eb71', '2025-07-08', 5, '2025-07-08 19:07:04.423115+00', '50baaf75-e955-40a7-b86d-05080e7aa4b1', NULL, NULL, NULL),
	('58be7549-2297-43ab-bc31-36e43457983a', '2025-06-19', 6, '2025-07-05 13:58:45.319158+00', '50baaf75-e955-40a7-b86d-05080e7aa4b1', NULL, NULL, NULL),
	('ebcd1ad4-c806-4bed-a97d-f3a0e21c4a21', '2025-06-18', 6, '2025-07-05 13:58:45.319158+00', '50baaf75-e955-40a7-b86d-05080e7aa4b1', NULL, NULL, NULL),
	('3b2dc1cc-e6ec-4375-83b1-7a3c31beb4aa', '2025-06-17', 6, '2025-07-05 13:58:45.319158+00', '50baaf75-e955-40a7-b86d-05080e7aa4b1', NULL, NULL, NULL),
	('db7fb184-043b-4345-ad6f-2be753dc4289', '2025-06-16', 6, '2025-07-05 13:58:45.319158+00', '50baaf75-e955-40a7-b86d-05080e7aa4b1', NULL, NULL, NULL),
	('9f92f1ef-b70c-4fee-a4fb-9ee8753302db', '2025-06-15', 6, '2025-07-05 13:58:45.319158+00', '50baaf75-e955-40a7-b86d-05080e7aa4b1', NULL, NULL, NULL),
	('d84fb432-6478-499d-acef-fae6c9917442', '2025-06-14', 6, '2025-07-05 13:58:45.319158+00', '50baaf75-e955-40a7-b86d-05080e7aa4b1', NULL, NULL, NULL),
	('bbad87fd-8ecb-439a-a5ba-0588b72f2ba9', '2025-06-13', 6, '2025-07-05 13:58:45.319158+00', '50baaf75-e955-40a7-b86d-05080e7aa4b1', NULL, NULL, NULL),
	('b5b98a8a-7e79-40e6-87ae-fae8f8b9f316', '2025-06-12', 6, '2025-07-05 13:58:45.319158+00', '50baaf75-e955-40a7-b86d-05080e7aa4b1', NULL, NULL, NULL),
	('4986cce7-2ce2-47e2-a329-e86560cf5f50', '2025-06-11', 6, '2025-07-05 13:58:45.319158+00', '50baaf75-e955-40a7-b86d-05080e7aa4b1', NULL, NULL, NULL),
	('43fe7af4-45f7-4bb0-acc8-45dd876e9f6f', '2025-06-10', 6, '2025-07-05 13:58:45.319158+00', '50baaf75-e955-40a7-b86d-05080e7aa4b1', NULL, NULL, NULL),
	('468706cc-c397-43b6-b003-a92fc658d339', '2025-06-09', 6, '2025-07-05 13:58:45.319158+00', '50baaf75-e955-40a7-b86d-05080e7aa4b1', NULL, NULL, NULL),
	('49ca56d8-8d47-4656-83c7-d7b4b9eab1ef', '2025-06-08', 6, '2025-07-05 13:58:45.319158+00', '50baaf75-e955-40a7-b86d-05080e7aa4b1', NULL, NULL, NULL),
	('dbcc5e88-6b43-442b-9b7c-2ac5b29b2414', '2025-06-07', 6, '2025-07-05 13:58:45.319158+00', '50baaf75-e955-40a7-b86d-05080e7aa4b1', NULL, NULL, NULL),
	('53793381-0f1d-4245-9b4a-8e2d31575d2b', '2025-06-06', 6, '2025-07-05 13:58:45.319158+00', '50baaf75-e955-40a7-b86d-05080e7aa4b1', NULL, NULL, NULL),
	('d24a4695-9e52-4a09-874b-7d76c86cfd4f', '2025-06-05', 6, '2025-07-05 13:58:45.319158+00', '50baaf75-e955-40a7-b86d-05080e7aa4b1', NULL, NULL, NULL),
	('f29b2e60-b630-400a-9070-99483089746a', '2025-06-04', 6, '2025-06-06 18:22:35.406839+00', '50baaf75-e955-40a7-b86d-05080e7aa4b1', NULL, NULL, NULL),
	('88fac4a4-7a3b-43fa-b8d9-c7907f83ff76', '2025-06-03', 6, '2025-06-06 18:22:35.406839+00', '50baaf75-e955-40a7-b86d-05080e7aa4b1', NULL, NULL, NULL),
	('5bca6a6c-0fe1-4aed-8c2f-60dc6a24741f', '2025-06-02', 6, '2025-06-06 18:22:35.406839+00', '50baaf75-e955-40a7-b86d-05080e7aa4b1', NULL, NULL, NULL),
	('82cb056f-ca48-49e2-9fc8-6cba6e98fee3', '2025-06-01', 6, '2025-06-06 18:22:35.406839+00', '50baaf75-e955-40a7-b86d-05080e7aa4b1', NULL, NULL, NULL),
	('6d01a4c2-71a1-4800-a8e1-e23a8e04ed44', '2025-05-31', 6, '2025-06-06 18:22:35.406839+00', '50baaf75-e955-40a7-b86d-05080e7aa4b1', NULL, NULL, NULL),
	('e8aa6a47-ae96-4493-bed0-7e1468468a47', '2025-05-30', 6, '2025-06-06 18:22:35.406839+00', '50baaf75-e955-40a7-b86d-05080e7aa4b1', NULL, NULL, NULL),
	('24d1695e-45e8-4419-b14c-2cfcbffdd8cd', '2025-05-29', 6, '2025-06-06 18:22:35.406839+00', '50baaf75-e955-40a7-b86d-05080e7aa4b1', NULL, NULL, NULL),
	('e7cf173b-1a5b-4731-a336-3c150dc8ac48', '2025-05-28', 6, '2025-06-06 18:22:35.406839+00', '50baaf75-e955-40a7-b86d-05080e7aa4b1', NULL, NULL, NULL),
	('ce0a4719-174d-4c86-a756-11adff1dc9e2', '2025-05-27', 6, '2025-06-06 18:22:35.406839+00', '50baaf75-e955-40a7-b86d-05080e7aa4b1', NULL, NULL, NULL),
	('3334fe18-3f63-45cd-ab8f-c788957670ac', '2025-05-26', 6, '2025-06-06 18:22:35.406839+00', '50baaf75-e955-40a7-b86d-05080e7aa4b1', NULL, NULL, NULL),
	('f20ca41e-a565-47cd-8612-0919a04a7659', '2025-05-25', 6, '2025-06-06 18:22:35.406839+00', '50baaf75-e955-40a7-b86d-05080e7aa4b1', NULL, NULL, NULL),
	('b0196e11-d3e6-40e1-a07e-6b907a1a27dc', '2025-05-24', 6, '2025-06-06 18:22:35.406839+00', '50baaf75-e955-40a7-b86d-05080e7aa4b1', NULL, NULL, NULL),
	('8c475c4c-c9b6-4e96-b55e-28ab4d2d31f1', '2025-05-23', 7, '2025-06-06 18:22:35.406839+00', '50baaf75-e955-40a7-b86d-05080e7aa4b1', NULL, NULL, NULL),
	('70b52853-a0e9-4b6f-b157-dba22d19d2de', '2025-05-22', 7, '2025-06-06 18:22:35.406839+00', '50baaf75-e955-40a7-b86d-05080e7aa4b1', NULL, NULL, NULL),
	('688d1b7e-be02-41f8-a70d-104ad2ec910d', '2025-05-21', 7, '2025-06-06 18:22:35.406839+00', '50baaf75-e955-40a7-b86d-05080e7aa4b1', NULL, NULL, NULL),
	('7ee69202-e117-4900-9bb4-7bf08dbb9ddc', '2025-05-20', 7, '2025-06-06 18:22:35.406839+00', '50baaf75-e955-40a7-b86d-05080e7aa4b1', NULL, NULL, NULL),
	('c8910b07-63be-4282-bd5e-cdf51379388d', '2025-05-19', 6, '2025-06-06 18:22:35.406839+00', '50baaf75-e955-40a7-b86d-05080e7aa4b1', NULL, NULL, NULL),
	('7c32d078-20d3-4258-9281-86b4298d2fe7', '2025-05-18', 6, '2025-06-06 18:22:35.406839+00', '50baaf75-e955-40a7-b86d-05080e7aa4b1', NULL, NULL, NULL),
	('db22d05a-9b06-4010-84f8-019be7abcbaf', '2025-05-17', 6, '2025-06-06 18:22:35.406839+00', '50baaf75-e955-40a7-b86d-05080e7aa4b1', NULL, NULL, NULL),
	('1a1d0bd2-dd70-4ed7-9bab-b3a1944a8b17', '2025-05-16', 6, '2025-06-06 18:22:35.406839+00', '50baaf75-e955-40a7-b86d-05080e7aa4b1', NULL, NULL, NULL),
	('342b89a1-e335-42d7-adc9-02e7a9ab572d', '2025-05-15', 6, '2025-06-06 18:22:35.406839+00', '50baaf75-e955-40a7-b86d-05080e7aa4b1', NULL, NULL, NULL),
	('c6f9e1a9-0e6b-4d9a-9548-7873593d436b', '2025-05-14', 6, '2025-06-06 18:22:35.406839+00', '50baaf75-e955-40a7-b86d-05080e7aa4b1', NULL, NULL, NULL),
	('3ae3905a-d388-4a55-ba9f-055b5d2cd604', '2025-05-13', 6, '2025-06-06 18:22:35.406839+00', '50baaf75-e955-40a7-b86d-05080e7aa4b1', NULL, NULL, NULL),
	('3819c69a-b280-4844-ba63-01f24f47eae5', '2025-05-12', 6, '2025-06-06 18:22:35.406839+00', '50baaf75-e955-40a7-b86d-05080e7aa4b1', NULL, NULL, NULL),
	('152610f3-6cab-4559-99e3-050537a5ec8c', '2025-05-11', 6, '2025-06-06 18:22:35.406839+00', '50baaf75-e955-40a7-b86d-05080e7aa4b1', NULL, NULL, NULL),
	('c1488cee-089f-4e8a-88cb-41ecdf810652', '2025-05-10', 6, '2025-06-06 18:22:35.406839+00', '50baaf75-e955-40a7-b86d-05080e7aa4b1', NULL, NULL, NULL),
	('bec4a06d-013b-4496-ad71-3fed9d8fd845', '2025-05-09', 6, '2025-06-06 18:22:35.406839+00', '50baaf75-e955-40a7-b86d-05080e7aa4b1', NULL, NULL, NULL),
	('a6edf6ad-2454-4b57-9833-0cba41816483', '2025-08-23', 7, '2025-08-23 04:59:58.072185+00', '50baaf75-e955-40a7-b86d-05080e7aa4b1', 'medium', NULL, NULL),
	('7c6f6143-7cd8-4ded-8291-49a667471e1d', '2025-08-29', 6, '2025-08-29 16:21:56.909336+00', '50baaf75-e955-40a7-b86d-05080e7aa4b1', NULL, NULL, NULL),
	('4e0ec83f-ada7-459a-bd4e-f2a9856e2688', '2025-08-25', 6, '2025-08-31 12:10:40.065292+00', '5a44b458-a8f0-4366-8256-4c1bac9ccd29', NULL, NULL, 'Historical data - Backfilled entry'),
	('ed527a9d-0ff7-440c-9029-317992f27181', '2025-08-27', 8, '2025-08-31 12:10:48.328386+00', '5a44b458-a8f0-4366-8256-4c1bac9ccd29', NULL, NULL, 'Historical data - Backfilled entry'),
	('c5752aec-8ee3-4e76-bf15-b18858e47606', '2025-08-29', 7, '2025-08-31 12:10:56.729238+00', '5a44b458-a8f0-4366-8256-4c1bac9ccd29', NULL, NULL, 'Historical data - Backfilled entry'),
	('44816df3-fe4a-4e0e-808d-95de7e1a915d', '2025-08-31', 7, '2025-08-31 12:11:06.151615+00', '5a44b458-a8f0-4366-8256-4c1bac9ccd29', NULL, NULL, 'Historical data - Backfilled entry'),
	('482ff650-4f81-4de7-9eb4-090c2970b6e7', '2025-09-04', 5, '2025-09-04 19:26:00.73865+00', '50baaf75-e955-40a7-b86d-05080e7aa4b1', NULL, NULL, NULL),
	('315ac91a-f283-4623-9d91-fae7be93de5f', '2025-09-13', 5, '2025-09-14 06:45:59.597338+00', '50baaf75-e955-40a7-b86d-05080e7aa4b1', NULL, NULL, NULL),
	('493379b3-4f13-4910-bfbd-170e22b49e63', '2025-09-19', 10, '2025-09-19 17:51:03.356383+00', '50baaf75-e955-40a7-b86d-05080e7aa4b1', NULL, NULL, NULL),
	('ffda04bd-06ed-4e4c-8e99-9d3d5018e026', '2025-09-25', 9, '2025-09-25 16:32:57.003135+00', '50baaf75-e955-40a7-b86d-05080e7aa4b1', NULL, NULL, NULL),
	('cf1252e5-605e-4f25-b9aa-b6ea586b035e', '2025-10-01', 6, '2025-10-03 14:56:34.190245+00', '50baaf75-e955-40a7-b86d-05080e7aa4b1', NULL, NULL, NULL),
	('f33cad68-5ce8-4e95-a838-f2033a7aacb5', '2025-10-09', 2, '2025-10-11 16:03:59.532895+00', '50baaf75-e955-40a7-b86d-05080e7aa4b1', NULL, NULL, NULL),
	('bea396fe-1d4d-4601-a9e1-52fc03450a87', '2025-10-14', 4, '2025-10-15 12:16:40.604971+00', '50baaf75-e955-40a7-b86d-05080e7aa4b1', NULL, NULL, NULL),
	('dd4bd1cf-46dc-4b3c-b15d-d74793fd4322', '2025-10-21', 9, '2025-10-21 16:02:09.177596+00', '50baaf75-e955-40a7-b86d-05080e7aa4b1', NULL, NULL, NULL),
	('f618ae4c-a4f7-4295-89e8-4e4f325a8cc3', '2025-10-20', 5, '2025-10-21 16:02:30.929458+00', '50baaf75-e955-40a7-b86d-05080e7aa4b1', NULL, NULL, NULL),
	('2658a035-b004-483a-b338-23e0839ea435', '2025-10-31', 10, '2025-10-31 13:19:31.415392+00', '50baaf75-e955-40a7-b86d-05080e7aa4b1', NULL, NULL, NULL),
	('9f37fc09-3621-45bc-80a3-23e089b53337', '2025-11-15', 9, '2025-11-18 17:33:17.077572+00', '50baaf75-e955-40a7-b86d-05080e7aa4b1', NULL, NULL, NULL),
	('c1605253-cbcc-4d38-8bc0-942e16a7612b', '2025-11-16', 10, '2025-11-18 17:33:25.870196+00', '50baaf75-e955-40a7-b86d-05080e7aa4b1', NULL, NULL, NULL),
	('326e8031-6547-41c5-bf8b-8901e598db34', '2025-11-17', 8, '2025-11-18 17:33:33.798547+00', '50baaf75-e955-40a7-b86d-05080e7aa4b1', NULL, NULL, NULL),
	('9e73e855-6c14-4374-b5ed-650e2e5292b6', '2025-11-18', 9, '2025-11-18 17:33:41.827756+00', '50baaf75-e955-40a7-b86d-05080e7aa4b1', NULL, NULL, NULL),
	('e83ac93e-1d17-4eb1-8620-d2df0d85b4b1', '2025-02-04', 6, '2025-06-06 18:22:35.406839+00', '50baaf75-e955-40a7-b86d-05080e7aa4b1', NULL, NULL, NULL),
	('d7dbe76e-3de7-44fb-9dae-cf0e460006dc', '2025-02-03', 6, '2025-06-06 18:22:35.406839+00', '50baaf75-e955-40a7-b86d-05080e7aa4b1', NULL, NULL, NULL),
	('8140283c-1607-4eee-a3cf-b1b4e56ada44', '2025-02-02', 6, '2025-06-06 18:22:35.406839+00', '50baaf75-e955-40a7-b86d-05080e7aa4b1', NULL, NULL, NULL),
	('77cb499b-da01-4116-8df0-4e84c6099df1', '2025-02-01', 6, '2025-06-06 18:22:35.406839+00', '50baaf75-e955-40a7-b86d-05080e7aa4b1', NULL, NULL, NULL),
	('1ad24517-95c3-46ca-8361-68a805736fe7', '2025-01-31', 6, '2025-06-06 18:22:35.406839+00', '50baaf75-e955-40a7-b86d-05080e7aa4b1', NULL, NULL, NULL),
	('66cd644c-afe2-4d9d-a78e-133537ab084f', '2025-01-30', 6, '2025-06-06 18:22:35.406839+00', '50baaf75-e955-40a7-b86d-05080e7aa4b1', NULL, NULL, NULL),
	('3c1bef24-9cd5-410a-aebf-9ca796bcf37a', '2025-01-29', 6, '2025-06-06 18:22:35.406839+00', '50baaf75-e955-40a7-b86d-05080e7aa4b1', NULL, NULL, NULL),
	('51ce8d18-9673-47c2-bc6b-1a589f2cab1d', '2025-01-28', 6, '2025-06-06 18:22:35.406839+00', '50baaf75-e955-40a7-b86d-05080e7aa4b1', NULL, NULL, NULL),
	('ad52e2f7-19f1-4301-a8bd-a8bbd9e29017', '2025-08-07', 2, '2025-08-07 17:24:44.162247+00', '50baaf75-e955-40a7-b86d-05080e7aa4b1', NULL, NULL, NULL),
	('a50724af-c1cb-4c3d-a8a5-a195d510a551', '2025-07-26', 10, '2025-07-27 16:32:37.567992+00', '50baaf75-e955-40a7-b86d-05080e7aa4b1', NULL, NULL, NULL),
	('62e68475-3f02-4b95-9589-e2c3442d973c', '2025-05-08', 6, '2025-06-06 18:22:35.406839+00', '50baaf75-e955-40a7-b86d-05080e7aa4b1', NULL, NULL, NULL),
	('18969202-e7c8-450b-a97f-b08af1040497', '2025-05-07', 6, '2025-06-06 18:22:35.406839+00', '50baaf75-e955-40a7-b86d-05080e7aa4b1', NULL, NULL, NULL),
	('172c70f6-0c73-4508-98b5-18c8d4b14df4', '2025-05-06', 7, '2025-06-06 18:22:35.406839+00', '50baaf75-e955-40a7-b86d-05080e7aa4b1', NULL, NULL, NULL),
	('25685fb6-2988-4b3d-a40f-21f43494a10c', '2025-05-05', 4, '2025-06-06 18:22:35.406839+00', '50baaf75-e955-40a7-b86d-05080e7aa4b1', NULL, NULL, NULL),
	('614f6584-eab1-4375-868f-7d077528d429', '2025-05-04', 6, '2025-06-06 18:22:35.406839+00', '50baaf75-e955-40a7-b86d-05080e7aa4b1', NULL, NULL, NULL),
	('2e9f6e73-f159-4cf5-8888-2f143af86a1e', '2025-05-03', 6, '2025-06-06 18:22:35.406839+00', '50baaf75-e955-40a7-b86d-05080e7aa4b1', NULL, NULL, NULL),
	('96987e54-57ce-46b3-bb03-36f5e1284e05', '2025-05-02', 4, '2025-06-06 18:22:35.406839+00', '50baaf75-e955-40a7-b86d-05080e7aa4b1', NULL, NULL, NULL),
	('f045e3b2-1609-42a2-9c4f-f36ffdf482d3', '2025-05-01', 6, '2025-06-06 18:22:35.406839+00', '50baaf75-e955-40a7-b86d-05080e7aa4b1', NULL, NULL, NULL),
	('d60572e6-c8de-49a5-8f7c-a5b2b83b52a7', '2025-04-30', 6, '2025-06-06 18:22:35.406839+00', '50baaf75-e955-40a7-b86d-05080e7aa4b1', NULL, NULL, NULL),
	('6caceda2-a648-4dc6-80a6-663b99e3f1c4', '2025-04-26', 19, '2025-06-06 18:22:35.406839+00', '50baaf75-e955-40a7-b86d-05080e7aa4b1', NULL, NULL, NULL),
	('2b6b1a95-27ff-4608-ad3a-98c3a60addf1', '2025-04-22', 6, '2025-06-06 18:22:35.406839+00', '50baaf75-e955-40a7-b86d-05080e7aa4b1', NULL, NULL, NULL),
	('3de65235-c1bb-41ed-8112-f613e5644506', '2025-04-21', 12, '2025-06-06 18:22:35.406839+00', '50baaf75-e955-40a7-b86d-05080e7aa4b1', NULL, NULL, NULL),
	('d13aade0-a6b5-4df1-bdbf-e5d6da684a60', '2025-04-19', 20, '2025-06-06 18:22:35.406839+00', '50baaf75-e955-40a7-b86d-05080e7aa4b1', NULL, NULL, NULL),
	('cc248529-044c-4093-ae10-c5a3a465f564', '2025-04-16', 7, '2025-06-06 18:22:35.406839+00', '50baaf75-e955-40a7-b86d-05080e7aa4b1', NULL, NULL, NULL),
	('3df43c57-0d9e-4a13-a500-2d92d59333eb', '2025-04-15', 6, '2025-06-06 18:22:35.406839+00', '50baaf75-e955-40a7-b86d-05080e7aa4b1', NULL, NULL, NULL),
	('7ac0686e-d968-4865-b408-179c91c6454c', '2025-04-14', 7, '2025-06-06 18:22:35.406839+00', '50baaf75-e955-40a7-b86d-05080e7aa4b1', NULL, NULL, NULL),
	('2a55ceda-5ad9-4e0b-a36a-131828a01a2c', '2025-04-13', 7, '2025-06-06 18:22:35.406839+00', '50baaf75-e955-40a7-b86d-05080e7aa4b1', NULL, NULL, NULL),
	('9a331146-4677-45da-929b-22a6897dd0fe', '2025-04-12', 6, '2025-06-06 18:22:35.406839+00', '50baaf75-e955-40a7-b86d-05080e7aa4b1', NULL, NULL, NULL),
	('9a358ed5-de42-4aed-8b78-415be7c9d416', '2025-04-11', 6, '2025-06-06 18:22:35.406839+00', '50baaf75-e955-40a7-b86d-05080e7aa4b1', NULL, NULL, NULL),
	('e066f1cd-a246-4164-a6a1-b9b1a160523c', '2025-03-04', 6, '2025-06-06 18:22:35.406839+00', '50baaf75-e955-40a7-b86d-05080e7aa4b1', NULL, NULL, NULL),
	('514fc403-1fe2-4c18-bde8-afbf8831e1bb', '2025-08-16', 6, '2025-08-16 19:51:38.233956+00', '50baaf75-e955-40a7-b86d-05080e7aa4b1', NULL, NULL, NULL),
	('0b49e0cb-cdfd-41e2-8d05-1a807f09ebfc', '2025-08-24', 5, '2025-08-24 17:42:13.672382+00', '50baaf75-e955-40a7-b86d-05080e7aa4b1', NULL, NULL, NULL),
	('ed50b717-1a9d-4e30-aee6-d5f14047b333', '2025-08-30', 6, '2025-08-30 14:51:19.067263+00', '50baaf75-e955-40a7-b86d-05080e7aa4b1', NULL, NULL, NULL),
	('67c55b71-9c56-447d-9d3a-66f502137673', '2025-08-31', 5, '2025-08-31 21:01:21.707863+00', '50baaf75-e955-40a7-b86d-05080e7aa4b1', NULL, NULL, NULL),
	('05661345-58a8-47a1-8d57-4246ac6f35ce', '2025-09-05', 5, '2025-09-05 19:34:33.653521+00', '50baaf75-e955-40a7-b86d-05080e7aa4b1', NULL, NULL, NULL),
	('d680d55c-8a9d-472c-9ffe-cff521021131', '2025-09-14', 4, '2025-09-14 16:04:12.398074+00', '50baaf75-e955-40a7-b86d-05080e7aa4b1', NULL, NULL, NULL),
	('428e65de-b87f-4f7e-a57c-2f3d0c43fdd0', '2025-09-12', 5, '2025-09-14 16:04:23.530405+00', '50baaf75-e955-40a7-b86d-05080e7aa4b1', NULL, NULL, NULL),
	('1ed362d7-f326-4787-978c-f3bb830b9bdd', '2025-09-20', 4, '2025-09-21 08:27:09.010364+00', '50baaf75-e955-40a7-b86d-05080e7aa4b1', NULL, NULL, NULL),
	('5146ef5f-d97b-46ff-90dd-2e265b3c8516', '2025-09-21', 4, '2025-09-21 08:27:23.460049+00', '50baaf75-e955-40a7-b86d-05080e7aa4b1', NULL, NULL, 'Ujutru'),
	('27c067e0-a917-451f-a836-3f89992ce4ae', '2025-09-26', 5, '2025-09-26 09:07:23.91263+00', '50baaf75-e955-40a7-b86d-05080e7aa4b1', NULL, NULL, NULL),
	('11148e02-ef8e-4a9b-9a5d-48bdaaf64172', '2025-10-04', 5, '2025-10-04 13:28:56.290988+00', '50baaf75-e955-40a7-b86d-05080e7aa4b1', NULL, NULL, NULL),
	('43276a03-9faa-42d9-9dbf-f9b3d79f9063', '2025-02-28', 6, '2025-06-06 18:22:35.406839+00', '50baaf75-e955-40a7-b86d-05080e7aa4b1', NULL, NULL, NULL),
	('1c0b9dc4-a739-4def-a84c-67106209711d', '2025-02-27', 6, '2025-06-06 18:22:35.406839+00', '50baaf75-e955-40a7-b86d-05080e7aa4b1', NULL, NULL, NULL),
	('290092fd-3f5e-4398-9d0f-cf9171a130c5', '2025-02-26', 6, '2025-06-06 18:22:35.406839+00', '50baaf75-e955-40a7-b86d-05080e7aa4b1', NULL, NULL, NULL),
	('9d29c34a-e5c0-4819-9af1-5c62c1944c61', '2025-02-25', 6, '2025-06-06 18:22:35.406839+00', '50baaf75-e955-40a7-b86d-05080e7aa4b1', NULL, NULL, NULL),
	('7bd4726e-0b4b-4d34-9e4c-167b56d87d97', '2025-02-24', 6, '2025-06-06 18:22:35.406839+00', '50baaf75-e955-40a7-b86d-05080e7aa4b1', NULL, NULL, NULL),
	('733b03ff-f59b-458c-93b7-8558c838454f', '2025-02-23', 6, '2025-06-06 18:22:35.406839+00', '50baaf75-e955-40a7-b86d-05080e7aa4b1', NULL, NULL, NULL),
	('a0ea1aa7-bc01-4258-92d5-29313db25ac4', '2025-02-22', 6, '2025-06-06 18:22:35.406839+00', '50baaf75-e955-40a7-b86d-05080e7aa4b1', NULL, NULL, NULL),
	('a7b0c49e-1a58-4525-addd-981c788b469c', '2025-02-21', 6, '2025-06-06 18:22:35.406839+00', '50baaf75-e955-40a7-b86d-05080e7aa4b1', NULL, NULL, NULL),
	('04605a0d-ac24-40ef-adf6-b30990f04dba', '2025-02-20', 6, '2025-06-06 18:22:35.406839+00', '50baaf75-e955-40a7-b86d-05080e7aa4b1', NULL, NULL, NULL),
	('e6ea9552-0cf0-42f6-999b-02b9eaceb02e', '2025-02-19', 6, '2025-06-06 18:22:35.406839+00', '50baaf75-e955-40a7-b86d-05080e7aa4b1', NULL, NULL, NULL),
	('bcc4262d-ad9d-4a96-9979-1cb2b7c8cbcd', '2025-02-18', 6, '2025-06-06 18:22:35.406839+00', '50baaf75-e955-40a7-b86d-05080e7aa4b1', NULL, NULL, NULL),
	('20570b6d-effe-4d4c-b1f8-861cfe77479b', '2025-02-17', 6, '2025-06-06 18:22:35.406839+00', '50baaf75-e955-40a7-b86d-05080e7aa4b1', NULL, NULL, NULL),
	('89815709-477e-4bd5-961b-eff5c4cc85a8', '2025-02-16', 6, '2025-06-06 18:22:35.406839+00', '50baaf75-e955-40a7-b86d-05080e7aa4b1', NULL, NULL, NULL),
	('65877847-1c72-4a8d-a496-66189cf5efae', '2025-02-15', 6, '2025-06-06 18:22:35.406839+00', '50baaf75-e955-40a7-b86d-05080e7aa4b1', NULL, NULL, NULL),
	('35bd19a4-57e5-4a72-843d-2bc35f65f991', '2025-02-14', 6, '2025-06-06 18:22:35.406839+00', '50baaf75-e955-40a7-b86d-05080e7aa4b1', NULL, NULL, NULL),
	('62aa2163-0c6d-45e5-878a-c890261e9ca7', '2025-02-13', 6, '2025-06-06 18:22:35.406839+00', '50baaf75-e955-40a7-b86d-05080e7aa4b1', NULL, NULL, NULL),
	('d4cb328a-eb1a-4689-9d20-17ef5df4e16c', '2025-02-12', 6, '2025-06-06 18:22:35.406839+00', '50baaf75-e955-40a7-b86d-05080e7aa4b1', NULL, NULL, NULL),
	('8932e332-aae1-4cbc-8dcd-ed7f0bd29470', '2025-02-11', 6, '2025-06-06 18:22:35.406839+00', '50baaf75-e955-40a7-b86d-05080e7aa4b1', NULL, NULL, NULL),
	('ccfc157a-2b43-46f8-9b8b-6fb257b621bd', '2025-02-10', 6, '2025-06-06 18:22:35.406839+00', '50baaf75-e955-40a7-b86d-05080e7aa4b1', NULL, NULL, NULL),
	('9e1af90c-7b0b-4e8d-8205-41cb88e11353', '2025-02-09', 6, '2025-06-06 18:22:35.406839+00', '50baaf75-e955-40a7-b86d-05080e7aa4b1', NULL, NULL, NULL),
	('5eaaaa25-2442-4c51-9c69-ce4802203744', '2025-10-15', 8, '2025-10-15 15:33:18.008538+00', '50baaf75-e955-40a7-b86d-05080e7aa4b1', NULL, NULL, NULL),
	('e2f16ca2-8a1e-4db1-a127-6004725de189', '2025-10-22', 6, '2025-10-22 11:03:15.175869+00', '50baaf75-e955-40a7-b86d-05080e7aa4b1', NULL, NULL, NULL),
	('8ff0e74e-a76c-4610-afb4-3f1a72deb5f9', '2025-11-03', 11, '2025-11-03 14:05:08.250648+00', '50baaf75-e955-40a7-b86d-05080e7aa4b1', NULL, NULL, NULL),
	('a0d75c38-7e7d-47b2-afc5-1fcb40f807dd', '2025-11-02', 9, '2025-11-03 14:05:19.808032+00', '50baaf75-e955-40a7-b86d-05080e7aa4b1', NULL, NULL, NULL),
	('761a39d0-2fff-41a9-ba0c-d3a4508091e1', '2025-02-08', 6, '2025-06-06 18:22:35.406839+00', '50baaf75-e955-40a7-b86d-05080e7aa4b1', NULL, NULL, NULL),
	('28dd22c4-79d0-44b8-a028-9d2a66c237e4', '2025-02-07', 6, '2025-06-06 18:22:35.406839+00', '50baaf75-e955-40a7-b86d-05080e7aa4b1', NULL, NULL, NULL),
	('2d9adfd3-65ff-46e4-a40e-8b6f7e09957e', '2025-02-06', 6, '2025-06-06 18:22:35.406839+00', '50baaf75-e955-40a7-b86d-05080e7aa4b1', NULL, NULL, NULL),
	('b85c0383-f930-494c-a834-dbd80a3622f9', '2025-01-27', 6, '2025-06-06 18:22:35.406839+00', '50baaf75-e955-40a7-b86d-05080e7aa4b1', NULL, NULL, NULL),
	('c821dd13-621a-443d-a4b5-42caaf7e7913', '2025-01-26', 6, '2025-06-06 18:22:35.406839+00', '50baaf75-e955-40a7-b86d-05080e7aa4b1', NULL, NULL, NULL),
	('e0e90c55-2057-4603-9ed3-fa9b62c74dcf', '2025-01-25', 6, '2025-06-06 18:22:35.406839+00', '50baaf75-e955-40a7-b86d-05080e7aa4b1', NULL, NULL, NULL),
	('db3bf47f-3bfb-4479-a017-4f1fe971d6b0', '2025-11-01', 8, '2025-11-03 14:05:27.286611+00', '50baaf75-e955-40a7-b86d-05080e7aa4b1', NULL, NULL, NULL),
	('a6fbe62a-2099-42cd-84fb-54c3f14d999e', '2025-11-21', 5, '2025-11-22 17:17:24.78135+00', '50baaf75-e955-40a7-b86d-05080e7aa4b1', NULL, NULL, NULL),
	('91fc41bc-0641-4643-a1f0-f6a1a6fb296a', '2025-11-20', 8, '2025-11-22 17:17:39.018629+00', '50baaf75-e955-40a7-b86d-05080e7aa4b1', NULL, NULL, NULL),
	('b95a0764-2a49-4046-9489-f41d3032a420', '2025-11-19', 9, '2025-11-22 17:17:53.361415+00', '50baaf75-e955-40a7-b86d-05080e7aa4b1', NULL, NULL, NULL),
	('928597f8-8808-426a-a33d-164737f0e926', '2025-02-05', 6, '2025-06-06 18:22:35.406839+00', '50baaf75-e955-40a7-b86d-05080e7aa4b1', NULL, NULL, NULL),
	('2cde574f-37f9-43ba-8fcc-04e123632f57', '2025-08-13', 22, '2025-08-16 20:35:34.38538+00', '50baaf75-e955-40a7-b86d-05080e7aa4b1', NULL, NULL, NULL),
	('44f516bf-c2b8-4af1-97c5-3ce33afc752b', '2025-08-14', 6, '2025-08-18 19:06:12.698122+00', '50baaf75-e955-40a7-b86d-05080e7aa4b1', NULL, NULL, NULL),
	('51a7ef3c-9969-409c-8401-c839e37f0954', '2025-08-18', 7, '2025-08-18 19:39:47.286139+00', '50baaf75-e955-40a7-b86d-05080e7aa4b1', NULL, NULL, NULL),
	('29d4e557-f78d-4797-a52a-d6b12b766575', '2025-08-19', 10, '2025-08-19 20:04:15.098168+00', '50baaf75-e955-40a7-b86d-05080e7aa4b1', NULL, NULL, NULL),
	('0515641e-79b7-4891-ba1e-479a6ae71776', '2025-08-25', 7, '2025-08-25 18:54:25.591459+00', '50baaf75-e955-40a7-b86d-05080e7aa4b1', NULL, NULL, NULL),
	('1443161a-8141-44c0-ad50-497a55ef84cd', '2025-09-01', 5, '2025-09-01 21:36:06.403319+00', '50baaf75-e955-40a7-b86d-05080e7aa4b1', NULL, NULL, NULL),
	('5c314466-2e62-4203-bf97-32eb80198508', '2025-09-06', 4, '2025-09-10 18:14:22.846858+00', '50baaf75-e955-40a7-b86d-05080e7aa4b1', NULL, NULL, NULL),
	('cf860764-5e3a-4478-9526-f094e196d4ea', '2025-09-15', 8, '2025-09-15 13:20:47.521823+00', '50baaf75-e955-40a7-b86d-05080e7aa4b1', NULL, NULL, NULL),
	('f95da3fc-ef0a-4b72-b202-7bebf4ca5ef9', '2025-09-22', 9, '2025-09-22 19:46:11.956647+00', '50baaf75-e955-40a7-b86d-05080e7aa4b1', NULL, NULL, NULL),
	('95b18e97-78dc-474d-9903-f692acc5d9e2', '2025-09-27', 8, '2025-09-28 06:37:55.241266+00', '50baaf75-e955-40a7-b86d-05080e7aa4b1', NULL, NULL, NULL),
	('3d3be770-3345-4334-b017-32508f317f92', '2025-10-08', 5, '2025-10-08 19:05:45.223763+00', '50baaf75-e955-40a7-b86d-05080e7aa4b1', NULL, NULL, NULL),
	('1ba2efcc-97bd-463b-a15c-81361c5dff98', '2025-10-07', 4, '2025-10-08 19:05:50.948154+00', '50baaf75-e955-40a7-b86d-05080e7aa4b1', NULL, NULL, NULL),
	('2566a2f3-f2cc-444d-ad1b-0e95f2901268', '2025-10-11', 5, '2025-10-11 20:40:39.86055+00', '50baaf75-e955-40a7-b86d-05080e7aa4b1', NULL, NULL, NULL),
	('b9b0dfbe-62a9-4e41-bade-ad2ad5ca3fcc', '2025-10-17', 9, '2025-10-17 11:19:35.488435+00', '50baaf75-e955-40a7-b86d-05080e7aa4b1', NULL, NULL, NULL),
	('2e1c37bd-eaa2-436d-b1d9-de42dbe7f521', '2025-10-23', 10, '2025-10-23 19:33:03.545109+00', '50baaf75-e955-40a7-b86d-05080e7aa4b1', NULL, NULL, NULL),
	('89201eb0-aaf0-4522-88f9-22901f91d0c3', '2025-11-05', 10, '2025-11-05 18:19:04.49146+00', '50baaf75-e955-40a7-b86d-05080e7aa4b1', NULL, NULL, NULL),
	('44c1d642-8d9e-4e1a-884e-1bee775864e9', '2025-11-22', 7, '2025-11-23 17:30:41.767676+00', '50baaf75-e955-40a7-b86d-05080e7aa4b1', NULL, NULL, NULL),
	('e9e09b4c-29c0-458f-b05c-bf743b46a2cc', '2025-11-23', 3, '2025-11-23 17:30:49.216553+00', '50baaf75-e955-40a7-b86d-05080e7aa4b1', NULL, NULL, NULL);


--
-- Data for Name: expenses; Type: TABLE DATA; Schema: public; Owner: postgres
--

INSERT INTO "public"."expenses" ("id", "date", "category", "description", "amount", "created_at", "user_id") VALUES
	('098a5ad8-857a-4b14-b0bd-5bddc7074ba3', '2025-08-16', 'Feed', 'Prekrupa Both (25 kg)', 9.50, '2025-08-16 17:04:43.984376+00', '50baaf75-e955-40a7-b86d-05080e7aa4b1'),
	('9fc9cd48-c14e-4f73-b044-c8809f33937b', '2025-08-10', 'Equipment', 'Ograda', 10.00, NULL, '50baaf75-e955-40a7-b86d-05080e7aa4b1'),
	('13bb05d2-a2b8-4843-a06e-f9d9ba3147a0', '2025-05-19', 'Feed', 'Prekrupa Starter (25 kg)', 8.00, '2025-06-06 18:22:49.240441+00', '50baaf75-e955-40a7-b86d-05080e7aa4b1'),
	('8630ea82-e725-41f7-9f09-ee551f35349f', '2025-05-19', 'Feed', 'Super Sivi Other (10 kg)', 9.50, '2025-06-06 18:22:49.240441+00', '50baaf75-e955-40a7-b86d-05080e7aa4b1'),
	('23e1d338-ff00-4c72-a5ee-79c0ce0d5207', '2025-02-25', 'Feed', 'Prekrupa Scratch Grains (50 kg)', 16.00, '2025-06-06 18:22:49.240441+00', '50baaf75-e955-40a7-b86d-05080e7aa4b1'),
	('1cc09250-fe24-44d8-bbd4-2a822cea4454', '2025-02-25', 'Feed', 'Super Sivi Grower (10 kg)', 9.50, '2025-06-06 18:22:49.240441+00', '50baaf75-e955-40a7-b86d-05080e7aa4b1'),
	('2f0f1f4b-68b3-4dff-afca-8d0ffa6be17c', '2025-07-21', 'Equipment', 'Ograda', 90.00, '2025-08-16 20:27:03.579306+00', '50baaf75-e955-40a7-b86d-05080e7aa4b1'),
	('2a796286-59c0-4d75-9e09-d2dacbac69e0', '2025-06-26', 'Equipment', 'Ograda', 60.00, '2025-08-16 20:27:46.036824+00', '50baaf75-e955-40a7-b86d-05080e7aa4b1'),
	('d36a2377-6031-4f71-9569-cf7f4b7187d2', '2025-08-19', 'Birds', 'Leghron Batch', 109.99, '2025-08-21 06:41:40.745434+00', '50baaf75-e955-40a7-b86d-05080e7aa4b1'),
	('10c28a51-ef15-4d74-99f1-e44c65b710bb', '2024-08-20', 'Start-up', 'The cost of starting the flock', 200.00, '2025-08-29 13:06:01.872407+00', '50baaf75-e955-40a7-b86d-05080e7aa4b1'),
	('d64a3228-ee2a-4e53-a292-4be0f43adbad', '2025-09-10', 'Feed', 'Prekrupa Both (25 kg)', 9.50, '2025-09-11 17:34:59.816488+00', '50baaf75-e955-40a7-b86d-05080e7aa4b1'),
	('7afc0987-de7f-4910-87d8-06f4a8b6634a', '2025-09-28', 'Feed', 'Prekrupa Both (24.8 kg)', 9.50, '2025-09-28 06:57:14.682776+00', '50baaf75-e955-40a7-b86d-05080e7aa4b1'),
	('21a6d4e9-b1ae-45c5-8991-a40dc2c392cd', '2025-10-04', 'Birds', 'Test', 10.00, '2025-10-04 13:29:18.583167+00', '50baaf75-e955-40a7-b86d-05080e7aa4b1'),
	('eed786a8-4ec6-474c-ab25-6ae5c9d14a51', '2025-10-03', 'Feed', 'Prekrupa Both (25 kg)', 10.00, '2025-10-11 16:02:31.556008+00', '50baaf75-e955-40a7-b86d-05080e7aa4b1'),
	('efc4764e-6333-403e-add7-82c2f9756fe2', '2025-10-05', 'Feed', 'Koncentrat Both (10 kg)', 6.50, '2025-10-11 16:03:05.305453+00', '50baaf75-e955-40a7-b86d-05080e7aa4b1'),
	('58c47b2e-3f2b-4b5d-9be0-e0829bfc1776', '2025-10-11', 'Feed', 'Test Baby chicks (5 kg)', 5.00, '2025-10-11 16:56:36.439026+00', '50baaf75-e955-40a7-b86d-05080e7aa4b1');


--
-- Data for Name: feed_inventory; Type: TABLE DATA; Schema: public; Owner: postgres
--

INSERT INTO "public"."feed_inventory" ("id", "name", "quantity", "unit", "total_cost", "purchase_date", "expiry_date", "created_at", "updated_at", "user_id") VALUES
	('5b04a5db-84f5-497f-8b76-5de679b717f2', 'Prekrupa Starter (25 kg)', 25.00, 'kg', 8.00, '2025-05-19', '2025-07-17', '2025-08-16 16:42:24.94297+00', '2025-08-10 11:29:37.852+00', '50baaf75-e955-40a7-b86d-05080e7aa4b1'),
	('514b1b93-8fd9-4815-bb16-46ecea448c12', 'Super Sivi Grower (10 kg)', 10.00, 'kg', 9.50, '2025-02-25', '2025-05-23', '2025-08-16 16:42:24.94297+00', '2025-08-10 11:29:37.853+00', '50baaf75-e955-40a7-b86d-05080e7aa4b1'),
	('a82856ab-b878-4e80-9551-bedb944970e4', 'Prekrupa Scratch Grains (50 kg)', 50.00, 'kg', 16.00, '2025-02-25', '2025-05-23', '2025-08-16 16:42:24.94297+00', '2025-08-10 11:29:37.853+00', '50baaf75-e955-40a7-b86d-05080e7aa4b1'),
	('4dcd48c4-f765-43f7-8120-49a3aeb61caf', 'Prekrupa', 25.00, 'kg', 9.50, '2025-07-17', '2025-08-16', '2025-08-16 16:42:51.617838+00', '2025-08-10 11:29:37.853+00', '50baaf75-e955-40a7-b86d-05080e7aa4b1'),
	('f54f902c-b1e9-434c-a8db-066428be5681', 'Super Sivi Other (10 kg)', 10.00, 'kg', 9.50, '2025-05-19', '2025-08-16', '2025-08-16 16:42:24.94297+00', '2025-08-10 11:29:37.853+00', '50baaf75-e955-40a7-b86d-05080e7aa4b1'),
	('a508f685-4970-4fd6-9fab-58c25ebd9471', 'Prekrupa', 25.00, 'kg', 9.50, '2025-08-16', '2025-09-11', '2025-08-16 17:07:01.756045+00', '2025-08-16 17:07:01.576+00', '50baaf75-e955-40a7-b86d-05080e7aa4b1'),
	('c81578c1-0f0d-4c26-9c83-e8abce57d2de', 'Prekrupa', 25.00, 'kg', 9.50, '2025-09-10', '2025-09-28', '2025-09-11 17:34:55.408993+00', '2025-09-11 17:34:55.408993+00', '50baaf75-e955-40a7-b86d-05080e7aa4b1'),
	('1ea41d9c-5348-4660-b2e8-eb08cf4c52d6', 'Prekrupa', 25.00, 'kg', 10.00, '2025-10-03', NULL, '2025-10-11 16:02:31.1242+00', '2025-10-11 16:02:31.1242+00', '50baaf75-e955-40a7-b86d-05080e7aa4b1'),
	('6e4b8bc1-b34c-4c42-8340-57f3b1d405f6', 'Koncentrat', 10.00, 'kg', 6.50, '2025-10-05', NULL, '2025-10-11 16:03:04.884948+00', '2025-10-11 16:03:04.884948+00', '50baaf75-e955-40a7-b86d-05080e7aa4b1'),
	('274e0fb3-817a-4efc-880b-3b9986146aaa', 'Prekrupa', 24.80, 'kg', 9.50, '2025-09-28', '2025-10-11', '2025-09-28 06:57:10.33731+00', '2025-09-28 06:57:10.33731+00', '50baaf75-e955-40a7-b86d-05080e7aa4b1');


--
-- Data for Name: flock_profiles; Type: TABLE DATA; Schema: public; Owner: postgres
--

INSERT INTO "public"."flock_profiles" ("id", "farm_name", "location", "flock_size", "breed", "start_date", "notes", "created_at", "updated_at", "hens", "roosters", "chicks", "brooding", "user_id") VALUES
	('45a1b552-19e4-4332-ab91-eda07825fdd7', 'My Chicken Farm', '', 5, '', '2025-07-06', '', '2025-07-06 17:26:41.263+00', '2025-07-06 17:26:41.263+00', 5, 0, 0, 0, '40543ce8-8a22-458b-97a9-2610b406dc08'),
	('7ec5f943-2bc2-47a4-bae1-211217bf631d', 'My Chicken Farm', '', 14, 'Italijanke', '2025-05-06', '', '2025-06-06 18:23:13.437527+00', '2025-07-29 18:07:07.194+00', 7, 1, 6, 1, '50baaf75-e955-40a7-b86d-05080e7aa4b1'),
	('27de2f04-8a34-48e3-b3e5-183b0460f83e', 'My Chicken Farm', '', 6, 'Leghorn', '2025-08-29', 'Created during onboarding', '2025-08-29 18:25:32.246572+00', '2025-08-29 18:25:32.246572+00', 5, 1, 0, 0, '5a44b458-a8f0-4366-8256-4c1bac9ccd29');


--
-- Data for Name: flock_events; Type: TABLE DATA; Schema: public; Owner: postgres
--

INSERT INTO "public"."flock_events" ("id", "flock_profile_id", "date", "type", "description", "affected_birds", "notes", "created_at", "updated_at", "user_id") VALUES
	('ca097eca-c31f-4937-9518-887e7ad8dcbb', '7ec5f943-2bc2-47a4-bae1-211217bf631d', '2025-01-17', 'laying_start', 'First egg!', NULL, 'Hens started laying their first eggs', '2025-07-05 14:18:41.286503+00', '2025-07-05 14:18:41.286503+00', '50baaf75-e955-40a7-b86d-05080e7aa4b1'),
	('863bcdfe-29e2-4754-bfd5-816e1cdd89fc', '7ec5f943-2bc2-47a4-bae1-211217bf631d', '2025-03-26', 'broody', 'First Hen', 1, 'One hen went broody', '2025-07-05 14:18:41.286503+00', '2025-07-05 14:18:41.286503+00', '50baaf75-e955-40a7-b86d-05080e7aa4b1'),
	('f650a8ea-edf0-458f-91b5-32aa49e9c42f', '7ec5f943-2bc2-47a4-bae1-211217bf631d', '2025-04-15', 'hatching', 'Baby Chickens!', 11, 'Successful hatching of new chicks', '2025-07-05 14:18:41.286503+00', '2025-07-05 14:18:41.286503+00', '50baaf75-e955-40a7-b86d-05080e7aa4b1'),
	('8d6a7795-f2a8-4805-bc67-f8b89c024cd3', '7ec5f943-2bc2-47a4-bae1-211217bf631d', '2025-08-14', 'broody', 'Broody Hen', NULL, 'We''ll have baby chickens soon!', '2025-08-16 16:31:51.784+00', '2025-08-16 16:32:27.077+00', '50baaf75-e955-40a7-b86d-05080e7aa4b1'),
	('eddaa264-05c8-4138-98b6-31bc7339e7b1', '7ec5f943-2bc2-47a4-bae1-211217bf631d', '2024-08-24', 'acquisition', 'Initial flock acquisition', 10, 'Welcome to the coop', '2025-07-05 14:18:41.286503+00', '2025-08-14 13:50:49.143+00', '50baaf75-e955-40a7-b86d-05080e7aa4b1'),
	('908a30c6-0ac4-4291-91fa-c8a4b93df68c', '7ec5f943-2bc2-47a4-bae1-211217bf631d', '2025-08-19', 'acquisition', 'New Leghorn Batch', 10, 'First time having Leghorns', '2025-08-23 18:42:39.234335+00', '2025-08-23 18:42:39.234335+00', '50baaf75-e955-40a7-b86d-05080e7aa4b1'),
	('550bf833-6c99-487b-9c51-90e809b4e26d', NULL, '2025-09-04', 'hatching', 'Chickens hatched from Prve Koke batch', 10, 'From Prve Koke batch', '2025-09-04 19:04:55.382472+00', '2025-09-04 19:04:55.382472+00', '50baaf75-e955-40a7-b86d-05080e7aa4b1'),
	('923f413a-d025-484e-8b86-342dfa94bc90', NULL, '2025-09-01', 'broody', 'Brooding started in Prve Koke batch', NULL, 'From Prve Koke batch', '2025-09-04 19:12:28.016522+00', '2025-09-04 19:12:28.016522+00', '50baaf75-e955-40a7-b86d-05080e7aa4b1'),
	('c7b118f1-035a-40ce-95c3-d97bda4b28b6', NULL, '2025-09-09', 'other', 'Brooding ended in Prve Koke batch', 1, 'From Prve Koke batch', '2025-09-11 17:10:35.162115+00', '2025-09-11 17:10:35.162115+00', '50baaf75-e955-40a7-b86d-05080e7aa4b1'),
	('4686854a-bd72-4378-b886-a2996a1a170c', NULL, '2025-09-21', 'laying_start', 'Prvi Leghron batch started laying eggs', NULL, 'From Prvi Leghron batch: Not all of them yet', '2025-09-21 08:28:43.330115+00', '2025-09-21 08:28:43.330115+00', '50baaf75-e955-40a7-b86d-05080e7aa4b1'),
	('e41aa181-db3f-4c26-abf5-28d477c58403', NULL, '2025-11-02', 'laying_start', 'Drugi pilići batch started laying eggs', NULL, 'From Drugi pilići batch', '2025-11-15 07:50:11.505286+00', '2025-11-15 07:50:11.505286+00', '50baaf75-e955-40a7-b86d-05080e7aa4b1'),
	('32cd8053-c66e-4992-b0db-c1aeba2fc22d', NULL, '2025-11-01', 'laying_start', 'Prvi Pilići batch started laying eggs', NULL, 'From Prvi Pilići batch', '2025-11-15 08:52:02.537957+00', '2025-11-15 08:52:02.537957+00', '50baaf75-e955-40a7-b86d-05080e7aa4b1');


--
-- Data for Name: sales; Type: TABLE DATA; Schema: public; Owner: postgres
--

INSERT INTO "public"."sales" ("id", "user_id", "customer_id", "sale_date", "dozen_count", "individual_count", "total_amount", "paid", "notes", "created_at") VALUES
	('e872e0e5-3088-4422-a661-ef23bfcefa11', '50baaf75-e955-40a7-b86d-05080e7aa4b1', 'fa85e119-4175-4214-b923-a593342f2a36', '2025-07-15', 0, 6, 1.50, true, NULL, '2025-07-15 19:50:13.690442+00'),
	('182ae774-481f-4ae0-a749-c291ae594cd4', '50baaf75-e955-40a7-b86d-05080e7aa4b1', '9dff8f42-0188-4d2b-bcca-1e014b60187b', '2025-07-15', 0, 10, 0.00, false, NULL, '2025-07-15 20:25:03.708081+00'),
	('e60a1575-7fef-4519-b26d-fdf3675db633', '50baaf75-e955-40a7-b86d-05080e7aa4b1', 'fa85e119-4175-4214-b923-a593342f2a36', '2025-07-10', 1, 3, 3.75, false, NULL, '2025-07-15 20:25:26.055583+00'),
	('b6bd7f09-5c13-47dd-a0b0-b1f3d6a05774', '50baaf75-e955-40a7-b86d-05080e7aa4b1', '9dff8f42-0188-4d2b-bcca-1e014b60187b', '2025-08-10', 0, 6, 1.82, false, NULL, '2025-08-10 16:59:25.386053+00'),
	('b2349dbb-65a1-4294-9435-14792506a9e9', '50baaf75-e955-40a7-b86d-05080e7aa4b1', 'f5ae26fe-011f-47c6-a844-1b699cd3fba8', '2025-08-19', 0, 5, 0.00, false, NULL, '2025-08-24 19:43:01.580606+00'),
	('5a7a0ab9-1f49-47d3-bcc3-d47d3b30d005', '50baaf75-e955-40a7-b86d-05080e7aa4b1', 'fa85e119-4175-4214-b923-a593342f2a36', '2025-09-01', 0, 5, 1.50, false, NULL, '2025-09-01 12:06:46.465651+00');


--
-- Data for Name: subscription_features; Type: TABLE DATA; Schema: public; Owner: postgres
--

INSERT INTO "public"."subscription_features" ("feature_key", "feature_name", "description", "requires_premium", "created_at") VALUES
	('crm', 'Customer Relationship Management', 'Customer database and sales tracking', true, '2025-09-10 18:04:05.658419+00'),
	('advanced_analytics', 'Advanced Analytics', 'Detailed reporting and insights', true, '2025-09-10 18:04:05.658419+00'),
	('expense_tracking', 'Expense Management', 'Comprehensive expense tracking and categorization', true, '2025-09-10 18:04:05.658419+00'),
	('feed_management', 'Feed Management', 'Feed inventory and consumption tracking', true, '2025-09-10 18:04:05.658419+00'),
	('savings_calculator', 'Savings Calculator', 'Financial planning tools', true, '2025-09-10 18:04:05.658419+00'),
	('data_export', 'Data Export', 'Export data to CSV/PDF formats', true, '2025-09-10 18:04:05.658419+00'),
	('egg_counter', 'Basic Egg Tracking', 'Core egg production tracking', false, '2025-09-10 18:04:05.658419+00');


--
-- Data for Name: user_profiles; Type: TABLE DATA; Schema: public; Owner: postgres
--

INSERT INTO "public"."user_profiles" ("id", "user_id", "onboarding_completed", "onboarding_step", "setup_progress", "created_at", "updated_at", "subscription_status", "subscription_id", "customer_id", "billing_email", "subscription_start_date", "subscription_end_date", "plan_id", "subscription_updated_at") VALUES
	('9b3a6dd1-2557-42c1-b545-995c57e75703', '5a44b458-a8f0-4366-8256-4c1bac9ccd29', true, 'complete', '{"hasSale": false, "hasCustomer": false, "hasFeedTracking": false, "hasFlockProfile": false, "hasMultipleBatches": false, "hasRecordedExpense": false, "hasRecordedProduction": false}', '2025-08-29 18:03:53.759048+00', '2025-09-15 06:27:34.981+00', 'active', NULL, NULL, NULL, NULL, NULL, NULL, '2025-09-14 16:44:58.260414+00'),
	('ce91a739-a881-4682-ad6a-077713ad5760', '50baaf75-e955-40a7-b86d-05080e7aa4b1', true, 'complete', '{"hasSale": false, "hasCustomer": false, "hasFeedTracking": false, "hasFlockProfile": false, "hasMultipleBatches": false, "hasRecordedExpense": false, "hasRecordedProduction": false}', '2025-08-29 18:05:44.895831+00', '2025-09-10 18:12:50.9+00', 'active', NULL, NULL, NULL, NULL, NULL, NULL, '2025-09-10 18:03:17.655029+00');


--
-- Data for Name: webhook_events; Type: TABLE DATA; Schema: public; Owner: postgres
--



--
-- PostgreSQL database dump complete
--

RESET ALL;
